,Mutual Fund,Drop Date,Company Name
0,Adirondack_Funds,2015-11-10,KROGER CO
1,Adirondack_Funds,2015-11-10,BEBE STORES INC
2,Adirondack_Funds,2015-11-10,COEUR D ALENE MINES CORP IDA
3,Adirondack_Funds,2015-11-10,TETRA TECHNOLOGIES INC DEL
4,Adirondack_Funds,2015-11-10,GENWORTH FINL INC COM
5,Adirondack_Funds,2015-11-10,MYERS INDS INC
6,Adirondack_Funds,2015-11-10,CAL MAINE FOODS INC
7,Adirondack_Funds,2015-11-10,COSI INC
8,Adirondack_Funds,2015-11-10,AEROPOSTALE
9,Adirondack_Funds,2015-11-10,COCA COLA BOTTLING CO CONS
10,Adirondack_Funds,2015-11-10,CHRISTOPHER & BANKS CORP
11,Adirondack_Funds,2015-11-10,MATRIX SVC CO
12,Adirondack_Funds,2015-11-10,JOURNAL COMMUNICATIONS INC
13,Adirondack_Funds,2015-11-10,HARDINGE INC
14,Adirondack_Funds,2015-11-10,NN INC
15,Adirondack_Funds,2015-11-10,VASCULAR SOLUTIONS INC
16,Adirondack_Funds,2015-11-10,YAHOO INC
17,Adirondack_Funds,2015-11-10,PNM RES INC
18,Adirondack_Funds,2015-11-10,IAC INTERACTIVECORP
19,Adirondack_Funds,2015-11-10,COWEN GROUP INC NEW
20,Adirondack_Funds,2015-11-10,TELLABS INC
21,Adirondack_Funds,2015-11-10,MONTPELIER RE HOLDINGS LTD
22,Adirondack_Funds,2015-11-10,BROADRIDGE FINL SOLUTIONS IN
23,Adirondack_Funds,2015-11-10,TRIQUINT SEMICONDUCTOR INC
24,Adirondack_Funds,2015-11-10,ALTEVA
25,Adirondack_Funds,2015-11-10,GFI GROUP INC
26,Adirondack_Funds,2015-11-10,REAL GOODS SOLAR INC
27,Adirondack_Funds,2015-11-10,ALCATEL-LUCENT
28,Adirondack_Funds,2015-11-10,KEYNOTE SYS INC
29,Adirondack_Funds,2015-11-10,ASSURED GUARANTY LTD
30,Adirondack_Funds,2015-11-10,UNS ENERGY CORP
31,Adirondack_Funds,2015-11-10,DOLE FOOD CO INC NEW
32,Adirondack_Funds,2015-11-10,ALBANY MOLECULAR RESH INC
33,Adirondack_Funds,2015-11-10,SPRINT NEXTEL CORP
34,Adirondack_Funds,2015-11-10,OMEGA PROTEIN CORP
35,Adirondack_Funds,2015-11-10,AERCAP HOLDINGS NV
36,Adirondack_Funds,2015-11-10,VISHAY INTERTECHNOLOGY INC COM
37,Adirondack_Funds,2015-11-10,EMULEX CORP
38,Adirondack_Funds,2015-11-10,INTRALINKS HLDGS INC
39,Adirondack_Funds,2015-11-10,COMVERSE INC
40,ADVANCE_CAPITAL_I_INC,2012-05-15,REGENCY CENTERS CORP
41,ADVANCE_CAPITAL_I_INC,2012-05-15,DICK'S SPORTING GOODS INC
42,ADVANCE_CAPITAL_I_INC,2012-05-15,WRIGHT EXPRESS
43,ADVANCE_CAPITAL_I_INC,2012-05-15,COMMERCE BANCSHARES INC/MO
44,ADVANCE_CAPITAL_I_INC,2012-05-15,DARDEN RESTAURANTS INC
45,ADVANCE_CAPITAL_I_INC,2012-05-15,ATMEL CORP
46,ADVANCE_CAPITAL_I_INC,2012-05-15,FIRST NIAGARA FINANCIAL GROUP INC
47,ADVANCE_CAPITAL_I_INC,2012-05-15,JONES LANG LASALLE INC
48,ADVANCE_CAPITAL_I_INC,2012-05-15,GUESS? INC
49,ADVANCE_CAPITAL_I_INC,2012-05-15,EXXON MOBIL CORP
50,ADVANCE_CAPITAL_I_INC,2012-05-15,TJX COMPANIES INC
51,ADVANCE_CAPITAL_I_INC,2012-05-15,CREE INC
52,ADVANCE_CAPITAL_I_INC,2012-05-15,IDEXX LABORATORIES INC
53,ADVANCE_CAPITAL_I_INC,2012-05-15,CA INC
54,ADVANCE_CAPITAL_I_INC,2012-05-15,KIMBERLY-CLARK CORP
55,ADVANCE_CAPITAL_I_INC,2012-05-15,NVR INC
56,ADVANCE_CAPITAL_I_INC,2012-05-15,GENTEX CORP
57,ADVANCE_CAPITAL_I_INC,2012-05-15,RELIANCE STEEL & ALUMINUM CO
58,ADVANCE_CAPITAL_I_INC,2012-05-15,PLAINS EXPLORATION & PRODUCTION CO
59,ADVANCE_CAPITAL_I_INC,2012-05-15,BANK OF NEW YORK MELLON CORP
60,ADVANCE_CAPITAL_I_INC,2012-05-15,APPLIED MATERIALS INC
61,ADVANCE_CAPITAL_I_INC,2012-05-15,AMERISOURCEBERGEN CORP
62,ADVANCE_CAPITAL_I_INC,2012-05-15,OGE ENERGY CORP
63,ADVANCE_CAPITAL_I_INC,2012-05-15,UDR INC
64,ADVANCE_CAPITAL_I_INC,2012-05-15,STRYKER CORP
65,ADVANCE_CAPITAL_I_INC,2012-05-15,JACK HENRY & ASSOCIATES INC
66,ADVANCE_CAPITAL_I_INC,2012-05-15,EATON VANCE CORP
67,ADVANCE_CAPITAL_I_INC,2012-05-15,SKYWORKS SOLUTIONS INC
68,ADVANCE_CAPITAL_I_INC,2012-05-15,NEW YORK COMMUNITY BANCORP INC
69,ADVANCE_CAPITAL_I_INC,2012-05-15,UNITED THERAPEUTICALS
70,ADVANCE_CAPITAL_I_INC,2012-05-15,SOLERA HOLDINGS
71,ADVANCE_CAPITAL_I_INC,2012-05-15,LENNOX INTERNATIONAL INC
72,ADVANCE_CAPITAL_I_INC,2012-05-15,TORONTO-DOMINION BANK
73,ADVANCE_CAPITAL_I_INC,2012-05-15,WEINGARTEN REALTY INVESTORS
74,ADVANCE_CAPITAL_I_INC,2012-05-15,AECOM TECHNOLOGY CORP
75,ADVANCE_CAPITAL_I_INC,2012-05-15,WILLIAMS-SONOMA INC
76,ADVANCE_CAPITAL_I_INC,2012-05-15,ENDO PHARMACEUT HLDGS INC
77,ADVANCE_CAPITAL_I_INC,2012-05-15,UTI WORLDWIDE INC
78,ADVANCE_CAPITAL_I_INC,2012-05-15,PPG INDUSTRIES
79,ADVANCE_CAPITAL_I_INC,2012-05-15,UNITED TECHNOLOGIES CORP
80,ADVANCE_CAPITAL_I_INC,2012-05-15,MCDONALD'S CORP
81,ADVANCE_CAPITAL_I_INC,2012-05-15,COMCAST CORP-CLASS A
82,ADVANCE_CAPITAL_I_INC,2012-05-15,OMNICARE INC
83,ADVANCE_CAPITAL_I_INC,2012-05-15,AMERICAN ELECTRIC POWER
84,ADVANCE_CAPITAL_I_INC,2012-05-15,TARGET CORP
85,ADVANCE_CAPITAL_I_INC,2012-05-15,PEABODY ENERGY CORP
86,ADVANCE_CAPITAL_I_INC,2012-05-15,JB HUNT TRANSPORT SERVICES INC
87,ADVANCE_CAPITAL_I_INC,2012-05-15,WALT DISNEY CO/THE
88,ADVANCE_CAPITAL_I_INC,2012-05-15,FIDELITY NATIONAL FINANCIAL INC
89,ADVANCE_CAPITAL_I_INC,2012-05-15,VISA
90,ADVANCE_CAPITAL_I_INC,2012-05-15,COVANCE INC
91,ADVANCE_CAPITAL_I_INC,2012-05-15,OLD REPUBLIC INTERNATIONAL CORP
92,ADVANCE_CAPITAL_I_INC,2012-05-15,ALASKA AIR GROUP INC
93,ADVANCE_CAPITAL_I_INC,2012-05-15,LINCOLN ELECTRIC HOLDINGS INC
94,ADVANCE_CAPITAL_I_INC,2012-05-15,TEXAS INSTRUMENTS INC
95,ADVANCE_CAPITAL_I_INC,2012-05-15,COINSTAR INC
96,ADVANCE_CAPITAL_I_INC,2012-05-15,PERRIGO CO
97,ADVANCE_CAPITAL_I_INC,2012-05-15,SYNOPSYS INC
98,ADVANCE_CAPITAL_I_INC,2012-05-15,CARLISLE COS INC
99,ADVANCE_CAPITAL_I_INC,2012-05-15,HILL-ROM
100,ADVANCE_CAPITAL_I_INC,2012-05-15,ADVANCE AUTO PARTS INC
101,ADVANCE_CAPITAL_I_INC,2012-05-15,ENERGEN CORP
102,ADVANCE_CAPITAL_I_INC,2012-05-15,TERADATA CORP
103,ADVANCE_CAPITAL_I_INC,2012-05-15,WABTEC CORP/DE
104,ADVANCE_CAPITAL_I_INC,2012-05-15,NCR CORP
105,ADVANCE_CAPITAL_I_INC,2012-05-15,GENERAL DYNAMICS CORP
106,ADVANCE_CAPITAL_I_INC,2012-05-15,GARTNER INC
107,ADVANCE_CAPITAL_I_INC,2012-05-15,APTARGROUP INC
108,ADVANCE_CAPITAL_I_INC,2012-05-15,UNIVERSAL HEALTH SERVICES INC
109,ADVANCE_CAPITAL_I_INC,2012-05-15,CENTURYLINK INC
110,ADVANCE_CAPITAL_I_INC,2012-05-15,HENRY SCHEIN INC
111,ADVANCE_CAPITAL_I_INC,2012-05-15,MACK-CALI REALTY CORP
112,ADVANCE_CAPITAL_I_INC,2012-05-15,WADDELL & REED FINANCIAL INC
113,ADVANCE_CAPITAL_I_INC,2012-05-15,NORDSON CORP
114,ADVANCE_CAPITAL_I_INC,2012-05-15,ANSYS INC
115,ADVANCE_CAPITAL_I_INC,2012-05-15,AETNA INC
116,ADVANCE_CAPITAL_I_INC,2012-05-15,TRINITY INDS
117,ADVANCE_CAPITAL_I_INC,2012-05-15,VERIZON COMMUNICATIONS INC
118,ADVANCE_CAPITAL_I_INC,2012-05-15,OIL STATES INTERNATIONAL INC
119,ADVANCE_CAPITAL_I_INC,2012-05-15,WARNACO GROUP INC/THE
120,ADVANCE_CAPITAL_I_INC,2012-05-15,VALUCLICK
121,ADVANCE_CAPITAL_I_INC,2012-05-15,RALCORP HOLDINGS INC
122,ADVANCE_CAPITAL_I_INC,2012-05-15,AQUA AMERICA INC
123,ADVANCE_CAPITAL_I_INC,2012-05-15,CHEVRON CORP
124,ADVANCE_CAPITAL_I_INC,2012-05-15,AT&T INC
125,ADVANCE_CAPITAL_I_INC,2012-05-15,TRACTOR SUPPLY
126,ADVANCE_CAPITAL_I_INC,2012-05-15,DUKE REALTY CORP
127,ADVANCE_CAPITAL_I_INC,2012-05-15,ELI LILLY & CO
128,ADVANCE_CAPITAL_I_INC,2012-05-15,AMERICAN FINANCIAL GROUP INC/OH
129,ADVANCE_CAPITAL_I_INC,2012-05-15,TRAVELERS COS INC/THE
130,ADVANCE_CAPITAL_I_INC,2012-05-15,IDEX CORP
131,ADVANCE_CAPITAL_I_INC,2012-05-15,PRINCIPAL FINANCIAL GROUP
132,ADVANCE_CAPITAL_I_INC,2012-05-15,SEI INVESTMENTS CO
133,ADVANCE_CAPITAL_I_INC,2012-05-15,RPM INTERNATIONAL INC
134,ADVANCE_CAPITAL_I_INC,2012-05-15,RAYTHEON COMPANY
135,ADVANCE_CAPITAL_I_INC,2012-05-15,HANSEN NATURAL CORP
136,ADVANCE_CAPITAL_I_INC,2012-05-15,NIKE INC -CL B
137,ADVANCE_CAPITAL_I_INC,2012-05-15,DOLLAR TREE
138,ADVANCE_CAPITAL_I_INC,2012-05-15,CORN PRODUCTS INTERNATIONAL INC
139,ADVANCE_CAPITAL_I_INC,2012-05-15,GARDNER DENVER INC
140,ADVANCE_CAPITAL_I_INC,2012-05-15,TRIMBLE NAVIGATION LTD
141,ADVANCE_CAPITAL_I_INC,2012-05-15,REINSURANCE GROUP OF AMERICA INC
142,ADVANCE_CAPITAL_I_INC,2012-05-15,MANPOWER INC
143,ADVANCE_CAPITAL_I_INC,2012-05-15,FEDERAL REALTY INVESTMENT TRUST
144,ADVANCE_CAPITAL_I_INC,2012-05-15,ARCHER-DANIELS-MIDLAND CO
145,ADVANCE_CAPITAL_I_INC,2012-05-15,KRAFT FOODS INC-CLASS A
146,ADVANCE_CAPITAL_I_INC,2012-05-15,AIR PRODUCTS & CHEMICALS INC
147,ADVANCE_CAPITAL_I_INC,2012-05-15,VALMONT INDUSTRIES INC
148,ADVANCE_CAPITAL_I_INC,2012-05-15,REYNOLDS AMERICAN INC
149,ADVANCE_CAPITAL_I_INC,2012-05-15,TRANSATLANTIC HOLDINGS INC
150,ADVANCE_CAPITAL_I_INC,2012-05-15,COOPER COS INC/THE
151,ADVANCE_CAPITAL_I_INC,2012-05-15,EMERSON ELECTRIC CO
152,ADVANCE_CAPITAL_I_INC,2012-05-15,APPLE INC
153,ADVANCE_CAPITAL_I_INC,2012-05-15,HOME DEPOT INC
154,ADVANCE_CAPITAL_I_INC,2012-05-15,STAPLES INC
155,ADVANCE_CAPITAL_I_INC,2012-05-15,MOHAWK INDUSTRIES INC
156,ADVANCE_CAPITAL_I_INC,2012-05-15,DECKERS OUTDOOR CORP
157,ADVANCE_CAPITAL_I_INC,2012-05-15,BROADRIDGE FINANCIAL SOLUTIONS INC
158,ADVANCE_CAPITAL_I_INC,2012-05-15,SILGON HOLDINGS
159,ADVANCE_CAPITAL_I_INC,2012-05-15,AMERICAN CAMPUS COMMUNITIES INC
160,ADVANCE_CAPITAL_I_INC,2012-05-15,CHIPOTLE MEXICAN GRILL INC
161,ADVANCE_CAPITAL_I_INC,2012-05-15,HARRIS CORP
162,ADVANCE_CAPITAL_I_INC,2012-05-15,ARCH COAL INC
163,ADVANCE_CAPITAL_I_INC,2012-05-15,JOHN WILEY & SONS INC
164,ADVANCE_CAPITAL_I_INC,2012-05-15,PETSMART INC
165,ADVANCE_CAPITAL_I_INC,2012-05-15,FREEPORT-MCMORAN COPPER
166,ADVANCE_CAPITAL_I_INC,2012-05-15,CORRECTIONS CORP OF AMERICA
167,ADVANCE_CAPITAL_I_INC,2012-05-15,CVS CAREMARK CORP
168,ADVANCE_CAPITAL_I_INC,2012-05-15,RIVERBED TECHNOLOGY INC
169,ADVANCE_CAPITAL_I_INC,2012-05-15,EDWARDS LIFESCIENCES CORP
170,ADVANCE_CAPITAL_I_INC,2012-05-15,FIRST CASH FINL SVCS INC
171,ADVANCE_CAPITAL_I_INC,2012-05-15,APACHE CORP
172,ADVANCE_CAPITAL_I_INC,2012-05-15,ALEXANDRIA REAL ESTATE EQUITIES INC
173,ADVANCE_CAPITAL_I_INC,2012-05-15,OCEANEERING INTERNATIONAL INC
174,ADVANCE_CAPITAL_I_INC,2012-05-15,RACKSPACE HOSTING INC
175,ADVANCE_CAPITAL_I_INC,2012-05-15,INGRAM MICRO INC
176,ADVANCE_CAPITAL_I_INC,2012-05-15,BALLY TECHNOLOGY
177,ADVANCE_CAPITAL_I_INC,2012-05-15,DANAHER CORP
178,ADVANCE_CAPITAL_I_INC,2012-05-15,CORNING INC
179,ADVANCE_CAPITAL_I_INC,2012-05-15,UNUM GROUP
180,ADVANCE_CAPITAL_I_INC,2012-05-15,ISHARES S&P MIDCAP 400 GROWTH
181,ADVANCE_CAPITAL_I_INC,2012-05-15,KOHLS CORP
182,ADVANCE_CAPITAL_I_INC,2012-05-15,LIBERTY PROPERTY TRUST
183,ADVANCE_CAPITAL_I_INC,2012-05-15,BORGWARNER INC
184,ADVANCE_CAPITAL_I_INC,2012-05-15,RESMED INC
185,ADVANCE_CAPITAL_I_INC,2012-05-15,RAYMOND JAMES FINANCIAL INC
186,ADVANCE_CAPITAL_I_INC,2012-05-15,CARNIVAL CORP
187,ADVANCE_CAPITAL_I_INC,2012-05-15,BRINKER INTERNATIONAL
188,ADVANCE_CAPITAL_I_INC,2012-05-15,HERMAN MILLER
189,ADVANCE_CAPITAL_I_INC,2012-05-15,FIDELITY NATIONAL INFORMATIO
190,ADVANCE_CAPITAL_I_INC,2012-05-15,BED BATH & BEYOND
191,ADVANCE_CAPITAL_I_INC,2012-05-15,KIRBY CORP
192,ADVANCE_CAPITAL_I_INC,2012-05-15,EVEREST RE GROUP LTD
193,ADVANCE_CAPITAL_I_INC,2012-05-15,METTLER-TOLEDO INTERNATIONAL INC
194,ADVANCE_CAPITAL_I_INC,2012-05-15,CADENCE DESIGN SYSTEMS INC
195,ADVANCE_CAPITAL_I_INC,2012-05-15,WAL-MART STORES INC
196,ADVANCE_CAPITAL_I_INC,2012-05-15,AFLAC INC
197,ADVANCE_CAPITAL_I_INC,2012-05-15,VERTEX PHARMACEUTICALS INC
198,ADVANCE_CAPITAL_I_INC,2012-05-15,PFIZER INC
199,ADVANCE_CAPITAL_I_INC,2012-05-15,NORTHERN TRUST CORP
200,ADVANCE_CAPITAL_I_INC,2012-05-15,CAMDEN PROPERTY TRUST
201,ADVANCE_CAPITAL_I_INC,2012-05-15,HANESBRANDS INC
202,ADVANCE_CAPITAL_I_INC,2012-05-15,ESSEX PROPERTY TRUST INC
203,ADVANCE_CAPITAL_I_INC,2012-05-15,GREEN MOUNTAIN COFFEE ROASTERS INC
204,ADVANCE_CAPITAL_I_INC,2012-05-15,INTREPID POTASH
205,ADVANCE_CAPITAL_I_INC,2012-05-15,EAST WEST BANCORP INC
206,ADVANCE_CAPITAL_I_INC,2012-05-15,VALSPAR CORP
207,ADVANCE_CAPITAL_I_INC,2012-05-15,PEPSICO INC
208,ADVANCE_CAPITAL_I_INC,2012-05-15,CHICO'S FAS INC
209,ADVANCE_CAPITAL_I_INC,2012-05-15,WASTE CONNECTIONS INC
210,ADVANCE_CAPITAL_I_INC,2012-05-15,CLIFFS NATURAL
211,ADVANCE_CAPITAL_I_INC,2012-05-15,REGAL-BELOIT CORP
212,ADVANCE_CAPITAL_I_INC,2012-05-15,ASHLAND INC
213,ADVANCE_CAPITAL_I_INC,2012-05-15,J2 GLOBAL COMMUNICATIONS
214,ADVANCE_CAPITAL_I_INC,2012-05-15,SENIOR HOUSING PROPERTIES TRUST
215,ADVANCE_CAPITAL_I_INC,2012-05-15,HEALTH MANAGEMENT
216,ADVANCE_CAPITAL_I_INC,2012-05-15,UNDER ARMOUR
217,ADVANCE_CAPITAL_I_INC,2012-05-15,MSC INDUSTRIAL DIRECT CO
218,ADVANCE_CAPITAL_I_INC,2012-05-15,THOR INDUSTRIES INC
219,ADVANCE_CAPITAL_I_INC,2012-05-15,TRIUMPH GROUP INC
220,ADVANCE_CAPITAL_I_INC,2012-05-15,DREAMWORKS ANIMATION
221,ADVANCE_CAPITAL_I_INC,2012-05-15,JM SMUCKER CO/THE
222,ADVANCE_CAPITAL_I_INC,2012-05-15,AARON'S INC
223,ADVANCE_CAPITAL_I_INC,2012-05-15,CATALYST HEALTH SOLUTIONS IN
224,ADVANCE_CAPITAL_I_INC,2012-05-15,INTL BUSINESS MACHINES CORP
225,ADVANCE_CAPITAL_I_INC,2012-05-15,ACE LTD
226,ADVANCE_CAPITAL_I_INC,2012-05-15,NATIONAL OILWELL VARCO INC
227,ADVANCE_CAPITAL_I_INC,2012-05-15,MEDTRONIC INC
228,ADVANCE_CAPITAL_I_INC,2012-05-15,HCC INSURANCE HOLDINGS INC
229,ADVANCE_CAPITAL_I_INC,2012-05-15,ACI WORLDWIDE
230,ADVANCE_CAPITAL_I_INC,2012-05-15,EZCORP INC-CL A
231,ADVANCE_CAPITAL_I_INC,2012-05-15,CULLEN/FROST BANKERS INC
232,ADVANCE_CAPITAL_I_INC,2012-05-15,AMERICAN EAGLE OUTFITTERS INC
233,ADVANCE_CAPITAL_I_INC,2012-05-15,AGL RESOURCES INC
234,ADVANCE_CAPITAL_I_INC,2012-05-15,ARROW ELECTRONICS INC
235,ADVANCE_CAPITAL_I_INC,2012-05-15,PATTERSON-UTI ENERGY INC
236,ADVANCE_CAPITAL_I_INC,2012-05-15,AMERICAN EXPRESS
237,ADVANCE_CAPITAL_I_INC,2012-05-15,ISHARES MORNINGSTAR MID GROWTH
238,ADVANCE_CAPITAL_I_INC,2012-05-15,SCOTTS MIRACLE-GRO CO/THE
239,ADVANCE_CAPITAL_I_INC,2012-05-15,FACTSET RESEARCH SYSTEMS INC
240,ADVANCE_CAPITAL_I_INC,2012-05-15,AGCO CORP
241,ADVANCE_CAPITAL_I_INC,2012-05-15,CARDINAL HEALTH INC
242,ADVANCE_CAPITAL_I_INC,2012-05-15,FOOT LOCKER INC
243,ADVANCE_CAPITAL_I_INC,2012-05-15,MARTIN MARIETTA MATERIALS INC
244,ADVANCE_CAPITAL_I_INC,2012-05-15,ACCENTURE PLC-CL A
245,ADVANCE_CAPITAL_I_INC,2012-05-15,AFFILIATED MANAGERS GROUP INC
246,ADVANCE_CAPITAL_I_INC,2012-05-15,MARATHON OIL CORP
247,ADVANCE_CAPITAL_I_INC,2012-05-15,ALLIANT TECHSYSTEMS INC
248,ADVANCE_CAPITAL_I_INC,2012-05-15,PACKAGING CORP OF AMERICA
249,ADVANCE_CAPITAL_I_INC,2012-05-15,CHURCH & DWIGHT CO.
250,ADVANCE_CAPITAL_I_INC,2012-05-15,HEWLETT-PACKARD CO
251,ADVANCE_CAPITAL_I_INC,2012-05-15,AUTOMATIC DATA PROCESSING
252,ADVANCE_CAPITAL_I_INC,2012-05-15,CISCO SYSTEMS INC
253,ADVANCE_CAPITAL_I_INC,2012-05-15,COVIDIEN PLC
254,ADVANCE_CAPITAL_I_INC,2012-05-15,NATIONAL INSTRUMENTS CORP
255,ADVANCE_CAPITAL_I_INC,2012-05-15,ALLIANCE DATA SYSTEMS CORP
256,ADVANCE_CAPITAL_I_INC,2012-05-15,WELLS FARGO & CO
257,ADVANCE_CAPITAL_I_INC,2012-05-15,POLARIS INDUSTRIES INC
258,ADVANCE_CAPITAL_I_INC,2012-05-15,ARTHUR J GALLAGHER & CO
259,ADVANCE_CAPITAL_I_INC,2012-05-15,PLANTRONICS
260,ADVANCE_CAPITAL_I_INC,2012-05-15,UNITEDHEALTH GROUP INC
261,ADVANCE_CAPITAL_I_INC,2012-05-15,URS CORP
262,ADVANCE_CAPITAL_I_INC,2012-05-15,PROCTER & GAMBLE CO/THE
263,ADVANCE_CAPITAL_I_INC,2012-05-15,DRESSER-RAND GROUP INC
264,ADVANCE_CAPITAL_I_INC,2012-05-15,STEEL DYNAMICS INC
265,ADVANCE_CAPITAL_I_INC,2012-05-15,FOSSIL INC
266,ADVANCE_CAPITAL_I_INC,2012-05-15,INTEL CORP
267,ADVANCE_CAPITAL_I_INC,2012-05-15,LKQ CORP
268,ADVANCE_CAPITAL_I_INC,2012-05-15,3M CO
269,ADVANCE_CAPITAL_I_INC,2012-05-15,CATERPILLAR INC
270,ADVANCE_CAPITAL_I_INC,2012-05-15,SERVICE CORP INTERNATIONAL/US
271,ADVANCE_CAPITAL_I_INC,2012-05-15,TECH DATA CORP
272,ADVANCE_CAPITAL_I_INC,2012-05-15,BECTON DICKINSON AND CO
273,ADVANCE_CAPITAL_I_INC,2012-05-15,ADTRAN
274,ADVANCE_CAPITAL_I_INC,2012-05-15,COMMUNITY HEALTH
275,ADVANCE_CAPITAL_I_INC,2012-05-15,MACERICH CO/THE
276,ADVANCE_CAPITAL_I_INC,2012-05-15,MICROSOFT CORP
277,ADVANCE_CAPITAL_I_INC,2012-05-15,CARBO CERAMICS INC
278,ADVANCE_CAPITAL_I_INC,2012-05-15,BILL BARRETT CORP
279,ADVANCE_CAPITAL_I_INC,2012-05-15,TECHNE CORP
280,ADVANCE_CAPITAL_I_INC,2012-05-15,ORACLE CORP
281,ADVANCE_CAPITAL_I_INC,2012-05-15,LAM RESEARCH CORP
282,ADVANCE_CAPITAL_I_INC,2012-05-15,FEDEX CORP
283,ADVANCE_CAPITAL_I_INC,2012-05-15,OLIN CORP
284,ADVANCE_CAPITAL_I_INC,2012-05-15,ALLSCRIPTS HEALTHCARE SOLUTIONS INC
285,ADVANCE_CAPITAL_I_INC,2012-05-15,POLYCOM INC
286,ADVANCE_CAPITAL_I_INC,2012-05-15,NSTAR
287,ADVANCE_CAPITAL_I_INC,2012-05-15,SPX CORP
288,ADVANCE_CAPITAL_I_INC,2012-05-15,CARPENTER TECHNOLOGY CORP
289,ADVANCE_CAPITAL_I_INC,2012-05-15,DONALDSON CO INC
290,ADVANCE_CAPITAL_I_INC,2012-05-15,QUEST SOFTWARE
291,ADVANCE_CAPITAL_I_INC,2012-05-15,CHEESECAKE FACTORY
292,ADVANCE_CAPITAL_I_INC,2012-05-15,CYPRESS SEMICONDUCTOR CORP
293,ADVANCE_CAPITAL_I_INC,2012-05-15,MYLAN INC
294,ADVANCE_CAPITAL_I_INC,2012-05-15,PNC FINANCIAL SERVICES GROUP
295,ADVANCE_CAPITAL_I_INC,2012-05-15,NATIONAL FUEL GAS CO
296,ADVANCE_CAPITAL_I_INC,2012-05-15,MERCK & CO. INC.
297,ADVANCE_CAPITAL_I_INC,2012-05-15,THOMAS & BETTS CORP
298,ADVANCE_CAPITAL_I_INC,2012-05-15,AMC NETWORKS INC
299,ADVANCE_CAPITAL_I_INC,2012-05-15,NV ENERGY INC
300,ADVANCE_CAPITAL_I_INC,2012-05-15,HESS CORP
301,ADVANCE_CAPITAL_I_INC,2012-05-15,LINCARE HOLDINGS
302,ADVANCE_CAPITAL_I_INC,2012-05-15,SUPERIOR ENERGY SERVICES INC
303,ADVANCE_CAPITAL_I_INC,2012-05-15,COSTCO WHOLESALE CORP
304,ADVANCE_CAPITAL_I_INC,2012-05-15,COMPASS MINERALS INTERNATIONAL INC
305,ADVANCE_CAPITAL_I_INC,2012-05-15,ZEBRA TECHNOLOGIES CORP
306,ADVANCE_CAPITAL_I_INC,2012-05-15,BLACKROCK
307,ADVANCE_CAPITAL_I_INC,2012-08-09,WARNACO GROUP INC
308,ADVANCE_CAPITAL_I_INC,2012-08-09,VISTEON CORP
309,ADVANCE_CAPITAL_I_INC,2012-08-09,THOMAS & BETTS
310,ADVANCE_CAPITAL_I_INC,2012-08-09,RIVERBED TECHNOLOGY
311,ADVANCE_CAPITAL_I_INC,2012-08-09,PATTERSON-UTI ENERGY
312,ADVANCE_CAPITAL_I_INC,2012-08-09,ARCHER-DANIELS
313,ADVANCE_CAPITAL_I_INC,2012-08-09,CHIPOTLE MEXICANGRILL
314,ADVANCE_CAPITAL_I_INC,2012-08-09,OLD REPUBLIC INTL
315,ADVANCE_CAPITAL_I_INC,2012-08-09,J2 GLOBAL COMM
316,ADVANCE_CAPITAL_I_INC,2012-08-09,NOBLE CORPORATION
317,ADVANCE_CAPITAL_I_INC,2012-08-09,PRINCIPAL FINANCIALGROUP
318,ADVANCE_CAPITAL_I_INC,2012-08-09,JM SMUCKER CO
319,ADVANCE_CAPITAL_I_INC,2012-08-09,CARBO CERAMICS INC.
320,ADVANCE_CAPITAL_I_INC,2012-08-09,ISHARESS&P MIDCAP400 GROWTH INDEX
321,ADVANCE_CAPITAL_I_INC,2012-08-09,SCOTTS MIRACLE-GRO C
322,ADVANCE_CAPITAL_I_INC,2012-08-09,MANPOWER INCORPORATED
323,ADVANCE_CAPITAL_I_INC,2012-08-09,ACI WORLDWIDE INC
324,ADVANCE_CAPITAL_I_INC,2012-08-09,MURPHY OIL CORP
325,ADVANCE_CAPITAL_I_INC,2012-08-09,CORN PRODUCTS INTL
326,ADVANCE_CAPITAL_I_INC,2012-08-09,NSTARCOMMON
327,ADVANCE_CAPITAL_I_INC,2012-08-09,DECKERS OUTDOOR
328,ADVANCE_CAPITAL_I_INC,2012-08-09,ESTERLINE TECH
329,ADVANCE_CAPITAL_I_INC,2012-08-09,MARTIN MARIETTA MATERIALS
330,ADVANCE_CAPITAL_I_INC,2012-08-09,HEALTH NET INC
331,ADVANCE_CAPITAL_I_INC,2012-08-09,HESS CORPORATION
332,ADVANCE_CAPITAL_I_INC,2012-08-09,MILLER HERMAN INC
333,ADVANCE_CAPITAL_I_INC,2012-08-09,AIR PRODUCTS & CHEMI
334,ADVANCE_CAPITAL_I_INC,2012-08-09,ALLSCRIPTS MISYSHEALTHCARE SOLUTION
335,ADVANCE_CAPITAL_I_INC,2012-08-09,INTREPID POTASH INC
336,ADVANCE_CAPITAL_I_INC,2012-08-09,STEEL DYNAMICS
337,ADVANCE_CAPITAL_I_INC,2012-08-09,"STAPLES, INC."
338,ADVANCE_CAPITAL_I_INC,2012-08-09,PLANTRONICS INC
339,ADVANCE_CAPITAL_I_INC,2012-11-07,FOSSIL INCORPORATED
340,ADVANCE_CAPITAL_I_INC,2012-11-07,WRIGHT EXPRESS CORP
341,ADVANCE_CAPITAL_I_INC,2012-11-07,GEN-PROBE INC
342,ADVANCE_CAPITAL_I_INC,2012-11-07,AECOM TECHNOLOGY
343,ADVANCE_CAPITAL_I_INC,2012-11-07,TECHNE CORP.
344,ADVANCE_CAPITAL_I_INC,2012-11-07,LOWE'S COS INC
345,ADVANCE_CAPITAL_I_INC,2012-11-07,FIDELITY NATL INFORM
346,ADVANCE_CAPITAL_I_INC,2012-11-07,ADTRAN INC.
347,ADVANCE_CAPITAL_I_INC,2012-11-07,NORTHROP GRUMMAN
348,ADVANCE_CAPITAL_I_INC,2012-11-07,TOWERS WATSON & CO
349,ADVANCE_CAPITAL_I_INC,2012-11-07,CLIFFS NATURAL RESRC
350,ADVANCE_CAPITAL_I_INC,2012-11-07,HILL-ROM HOLDINGS
351,ADVANCE_CAPITAL_I_INC,2012-11-07,PROSPERITY BANCSHARE
352,ADVANCE_CAPITAL_I_INC,2012-11-07,MACK-CALI REALTY
353,ADVANCE_CAPITAL_I_INC,2012-11-07,CA INC.
354,ADVANCE_CAPITAL_I_INC,2012-11-07,XEROX CORP
355,ADVANCE_CAPITAL_I_INC,2012-11-07,"LINCARE HOLDINGS, INC."
356,ADVANCE_CAPITAL_I_INC,2012-11-07,GUESS?
357,ADVANCE_CAPITAL_I_INC,2012-11-07,KIRBY CORPCOM
358,ADVANCE_CAPITAL_I_INC,2012-11-07,HMS HOLDINGS CORP.
359,ADVANCE_CAPITAL_I_INC,2012-11-07,REGAL BELOIT CORP
360,ADVANCE_CAPITAL_I_INC,2012-11-07,UNUM PROVIDENT CORP
361,ADVANCE_CAPITAL_I_INC,2012-11-07,LAM RESEARCH CORP.
362,ADVANCE_CAPITAL_I_INC,2012-11-07,APPLIED MATERIAL
363,ADVANCE_CAPITAL_I_INC,2012-11-07,MONSTER BEVERAGE COR
364,ADVANCE_CAPITAL_I_INC,2012-11-07,SOTHEBY'S
365,ADVANCE_CAPITAL_I_INC,2012-11-07,BRISTOL-MYERS SQUIBB COMPANY
366,ADVANCE_CAPITAL_I_INC,2012-11-07,KRAFT FOODS INC.
367,ADVANCE_CAPITAL_I_INC,2012-11-07,CATALYST HEALTHSOLUTIONS
368,ADVANCE_CAPITAL_I_INC,2013-02-08,NVR INCCM
369,ADVANCE_CAPITAL_I_INC,2013-02-08,FIRST AMERICAN FINAN
370,ADVANCE_CAPITAL_I_INC,2013-02-08,SYMANTEC CORPORATION
371,ADVANCE_CAPITAL_I_INC,2013-02-08,EZCORP INCCL A NON
372,ADVANCE_CAPITAL_I_INC,2013-02-08,FEDERAL REALTY INVES
373,ADVANCE_CAPITAL_I_INC,2013-02-08,WALGREEN CO
374,ADVANCE_CAPITAL_I_INC,2013-02-08,RALCORP HOLDINGS COR
375,ADVANCE_CAPITAL_I_INC,2013-02-08,AMERIGROUP CORP
376,ADVANCE_CAPITAL_I_INC,2013-02-08,NYSE EURONEXT
377,ADVANCE_CAPITAL_I_INC,2013-02-08,BALLY TECHNOLOGIES
378,ADVANCE_CAPITAL_I_INC,2013-02-08,COMPASS MINERALS INT
379,ADVANCE_CAPITAL_I_INC,2013-02-08,NETEASE
380,ADVANCE_CAPITAL_I_INC,2013-02-08,SCOTTS MIRACLE-GRO C
381,ADVANCE_CAPITAL_I_INC,2013-02-08,CULLEN FROST BANKERS
382,ADVANCE_CAPITAL_I_INC,2013-02-08,PENTAIR INC
383,ADVANCE_CAPITAL_I_INC,2013-02-08,TEXAS INSTRUMENTS
384,ADVANCE_CAPITAL_I_INC,2013-02-08,POLYCOM
385,ADVANCE_CAPITAL_I_INC,2013-02-08,EXELON CORP
386,ADVANCE_CAPITAL_I_INC,2013-02-08,FOREST LABORATORIES
387,ADVANCE_CAPITAL_I_INC,2013-02-08,CHEESECAKE FACTORY
388,ADVANCE_CAPITAL_I_INC,2013-02-08,CORNING INC.
389,ADVANCE_CAPITAL_I_INC,2013-02-08,BROADRIDGE FINANCIALSOLUTION
390,ADVANCE_CAPITAL_I_INC,2013-02-08,PETSMART INC.
391,ADVANCE_CAPITAL_I_INC,2013-05-01,VISTEON CORP
392,ADVANCE_CAPITAL_I_INC,2013-05-01,NVIDIA CORP.
393,ADVANCE_CAPITAL_I_INC,2013-05-01,LEAR CORP
394,ADVANCE_CAPITAL_I_INC,2013-05-01,"GENERAL MILLS, INC."
395,ADVANCE_CAPITAL_I_INC,2013-05-01,TECH DATA CORPCOM
396,ADVANCE_CAPITAL_I_INC,2013-05-01,SHAW GROUP INC
397,ADVANCE_CAPITAL_I_INC,2013-05-01,UNIT CORP
398,ADVANCE_CAPITAL_I_INC,2013-05-01,LIFE TIME FITNESS
399,ADVANCE_CAPITAL_I_INC,2013-05-01,TERADATA CORPORATION
400,ADVANCE_CAPITAL_I_INC,2013-05-01,GRACO INC
401,ADVANCE_CAPITAL_I_INC,2013-05-01,MARVELL TECHNOLOGY
402,ADVANCE_CAPITAL_I_INC,2013-05-01,CHIPOTLE MEXICANGRILL
403,ADVANCE_CAPITAL_I_INC,2013-05-01,"MATTEL, INC."
404,ADVANCE_CAPITAL_I_INC,2013-05-01,SILICON VALLEY BANCSHARES
405,ADVANCE_CAPITAL_I_INC,2013-05-01,CONOCOPHILLIPS
406,ADVANCE_CAPITAL_I_INC,2013-05-01,L-3 COMMUNICATIONS
407,ADVANCE_CAPITAL_I_INC,2013-05-01,"CITIGROUP, INC."
408,ADVANCE_CAPITAL_I_INC,2013-05-01,LOEWS CORP
409,ADVANCE_CAPITAL_I_INC,2013-05-01,AMERICAN ELEC PWR
410,ADVANCE_CAPITAL_I_INC,2013-05-01,PHILLIPS 66
411,ADVANCE_CAPITAL_I_INC,2013-05-01,WESTERN UNION
412,ADVANCE_CAPITAL_I_INC,2013-05-01,CREE INC.
413,ADVANCE_CAPITAL_I_INC,2013-05-01,LIBERTY MEDIA CORP.
414,ADVANCE_CAPITAL_I_INC,2013-05-01,JP MORGAN CHASE & CO..
415,ADVANCE_CAPITAL_I_INC,2013-05-01,PVH CORP
416,ADVANCE_CAPITAL_I_INC,2013-05-01,DELL COMPUTER
417,ADVANCE_CAPITAL_I_INC,2013-05-01,NIKE
418,ADVANCE_CAPITAL_I_INC,2013-05-01,BERKSHIRE HATHAWAY I
419,ADVANCE_CAPITAL_I_INC,2013-05-01,JOHNSON CONTROLS INC
420,ADVANCE_CAPITAL_I_INC,2013-05-01,EATON VANCE CORPORATION
421,ADVANCE_CAPITAL_I_INC,2013-05-01,"AFLAC, INC."
422,ADVANCE_CAPITAL_I_INC,2013-05-01,BANK OF AMERICA CORP
423,ADVANCE_CAPITAL_I_INC,2013-05-01,WEX INC.
424,ADVANCE_CAPITAL_I_INC,2013-05-01,GENTEX CORP.
425,ADVANCE_CAPITAL_I_INC,2013-05-01,BRISTOL-MYERS SQUIBB COMPANY
426,ADVANCE_CAPITAL_I_INC,2013-05-01,REYNOLDS AMERICAN
427,ADVANCE_CAPITAL_I_INC,2013-05-01,ACCENTURE LTD
428,ADVANCE_CAPITAL_I_INC,2013-05-01,GREEN MTN COFFEE
429,ADVANCE_CAPITAL_I_INC,2013-05-01,BECTON DICKINSON &CO
430,ADVANCE_CAPITAL_I_INC,2013-08-13,RF MICRO DEVICES INC..
431,ADVANCE_CAPITAL_I_INC,2013-08-13,"TJX COMPANIES, INC."
432,ADVANCE_CAPITAL_I_INC,2013-08-13,NORDSON CORP
433,ADVANCE_CAPITAL_I_INC,2013-08-13,AFFILIATED MANAGERSGROUP
434,ADVANCE_CAPITAL_I_INC,2013-08-13,COINSTAR INC.
435,ADVANCE_CAPITAL_I_INC,2013-08-13,CSX CORP
436,ADVANCE_CAPITAL_I_INC,2013-08-13,UNITED TECHNOLOGIESCORPORATION
437,ADVANCE_CAPITAL_I_INC,2013-08-13,RACKSPACE HOSTING
438,ADVANCE_CAPITAL_I_INC,2013-08-13,HEALTH MANAGEMENT AS
439,ADVANCE_CAPITAL_I_INC,2013-08-13,FACTSET RESEARCH SYS
440,ADVANCE_CAPITAL_I_INC,2013-08-13,TRIMBLE NAVIGATION
441,ADVANCE_CAPITAL_I_INC,2013-08-13,"BED BATH & BEYOND, INC.*"
442,ADVANCE_CAPITAL_I_INC,2013-08-13,"CADENCE DESIGN SYSTEMS, INC."
443,ADVANCE_CAPITAL_I_INC,2013-08-13,"MERCK & COMPANY, INC.."
444,ADVANCE_CAPITAL_I_INC,2013-08-13,KIMBERLY-CLARK CORPORATION
445,ADVANCE_CAPITAL_I_INC,2013-08-13,"WILLIAMS-SONOMA, INC..*"
446,ADVANCE_CAPITAL_I_INC,2013-08-13,FASTENAL CO
447,ADVANCE_CAPITAL_I_INC,2013-08-13,"GILEAD SCIENCES, INC.."
448,ADVANCE_CAPITAL_I_INC,2013-08-13,ITT INDUSTRIES INC.
449,ADVANCE_CAPITAL_I_INC,2013-08-13,MONDELEZ INTERNATION
450,ADVANCE_CAPITAL_I_INC,2013-08-13,FREEPORT-MCMORAN
451,ADVANCE_CAPITAL_I_INC,2013-08-13,HCC INSURANCE HLDGS..
452,ADVANCE_CAPITAL_I_INC,2013-08-13,MASIMO CORP
453,ADVANCE_CAPITAL_I_INC,2013-08-13,REINSURANCE GROUPAMER INC
454,ADVANCE_CAPITAL_I_INC,2013-08-13,"FRANKLIN RESOURCES,INC."
455,ADVANCE_CAPITAL_I_INC,2013-08-13,WADDEL & REED FINANCIAL CLASS A
456,ADVANCE_CAPITAL_I_INC,2013-08-13,TRW AUTOMOTIVE HOLDINGS CO
457,ADVANCE_CAPITAL_I_INC,2013-08-13,JM SMUCKER CO
458,ADVANCE_CAPITAL_I_INC,2013-08-13,RPM INTERNATIONALINC
459,ADVANCE_CAPITAL_I_INC,2013-08-13,"RAYMOND JAMES FINANCIAL, INC."
460,ADVANCE_CAPITAL_I_INC,2013-08-13,VALUECLICK INC
461,ADVANCE_CAPITAL_I_INC,2013-08-13,BANK OF HAWAII CORP
462,ADVANCE_CAPITAL_I_INC,2013-08-13,COPART INC
463,ADVANCE_CAPITAL_I_INC,2013-08-13,ACE LIMITED
464,ADVANCE_CAPITAL_I_INC,2013-08-13,EMERSON ELECTRIC COMPANY
465,ADVANCE_CAPITAL_I_INC,2013-08-13,"DONALDSON COMPANY, INC."
466,ADVANCE_CAPITAL_I_INC,2013-08-13,HERBALIFE LTD
467,ADVANCE_CAPITAL_I_INC,2013-08-13,NORTHERN OIL & GAS
468,ADVANCE_CAPITAL_I_INC,2013-08-13,FULTON FINANCIAL COR
469,ADVANCE_CAPITAL_I_INC,2013-08-13,WASTE MANAGEMENT
470,ADVANCE_CAPITAL_I_INC,2013-08-13,COMMERCE BANCSHARES
471,ADVANCE_CAPITAL_I_INC,2013-08-13,TEVA PHARMACEUTICAL
472,ADVANCE_CAPITAL_I_INC,2013-08-13,HELIX ENERGYSOLUTIONS GROUP
473,ADVANCE_CAPITAL_I_INC,2013-08-13,PLAINS EXPLORATION
474,ADVANCE_CAPITAL_I_INC,2013-08-13,NUANCE COMMUNICATION..*
475,ADVANCE_CAPITAL_I_INC,2013-08-13,"AUTOMATIC DATA PROCESSING, INC."
476,ADVANCE_CAPITAL_I_INC,2013-08-13,"SYNOPSYS, INC.*"
477,ADVANCE_CAPITAL_I_INC,2013-08-13,"BANK OF NEW YORK COMPANY, INC."
478,ADVANCE_CAPITAL_I_INC,2013-08-13,MACERICH COCOM
479,ADVANCE_CAPITAL_I_INC,2013-08-13,FORTUNE BRANDS HOME& SECURITIES
480,ADVANCE_CAPITAL_I_INC,2013-08-13,"PEPSICO, INC."
481,ADVANCE_CAPITAL_I_INC,2013-08-13,F5 NETWORKS INC
482,ADVANCE_CAPITAL_I_INC,2013-08-13,COVANCE INC.
483,ADVANCE_CAPITAL_I_INC,2013-08-13,CUMMINS INC
484,ADVANCE_CAPITAL_I_INC,2013-08-13,SOLARWINDS INC
485,ADVANCE_CAPITAL_I_INC,2013-08-13,ENDO PHARMACEUTICALS
486,ADVANCE_CAPITAL_I_INC,2013-08-13,"TOLL BROTHERS, INC."
487,ADVANCE_CAPITAL_I_INC,2013-08-13,MARATHON OIL CORP..
488,ADVANCE_CAPITAL_I_INC,2013-08-13,KANSAS CITY SOUTHERN
489,ADVANCE_CAPITAL_I_INC,2013-08-13,"DUKE REALTY INVESTMENTS, INC."
490,ADVANCE_CAPITAL_I_INC,2013-08-13,CHARLES RIVER LABORATORIES
491,ADVANCE_CAPITAL_I_INC,2013-08-13,"CARDINAL HEALTH, INC.."
492,ADVANCE_CAPITAL_I_INC,2013-08-13,NEWMARKET CORP
493,ADVANCE_CAPITAL_I_INC,2013-08-13,REGENERON PHARMACEUT
494,ADVANCE_CAPITAL_I_INC,2013-08-13,"AMGEN, INC.*"
495,ADVANCE_CAPITAL_I_INC,2013-08-13,"DISNEY, WALT COMPANY"
496,ADVANCE_CAPITAL_I_INC,2013-08-13,3M CO.
497,ADVANCE_CAPITAL_I_INC,2013-08-13,"ALTRIA GROUP INC.IES, INC."
498,ADVANCE_CAPITAL_I_INC,2013-08-13,EDWARDS LIFESCIENCESCORP
499,ADVANCE_CAPITAL_I_INC,2013-08-13,FIRST CASH FINANCIAL
500,ADVANCE_CAPITAL_I_INC,2013-08-13,"JONES LANG LASALLE,INC."
501,ADVANCE_CAPITAL_I_INC,2013-08-13,NATIONAL OILWELLVARCO INC
502,ADVANCE_CAPITAL_I_INC,2013-08-13,"HAWAIIAN ELECTRIC INDUSTRIES, INC."
503,ADVANCE_CAPITAL_I_INC,2013-10-21,GARDNER DENVER MACHY
504,ADVANCE_CAPITAL_I_INC,2013-10-21,UTI WORLDWIDE INC.
505,ADVANCE_CAPITAL_I_INC,2013-10-21,LIFE TIME FITNESS
506,ADVANCE_CAPITAL_I_INC,2013-10-21,FULTON FINANCIAL CORPORATION
507,ADVANCE_CAPITAL_I_INC,2013-10-21,WASTE CONNECTIONS
508,ADVANCE_CAPITAL_I_INC,2013-10-21,AFFILIATED MANAGERS GROUP
509,ADVANCE_CAPITAL_I_INC,2013-10-21,WELLCARE HEALTH PLAN
510,ADVANCE_CAPITAL_I_INC,2013-10-21,HARSCO CORP
511,ADVANCE_CAPITAL_I_INC,2013-10-21,HAWAIIAN ELECTRIC IN DUSTRIES INC.
512,ADVANCE_CAPITAL_I_INC,2013-10-21,BALLY TECHNOLOGIES
513,ADVANCE_CAPITAL_I_INC,2013-10-21,RESMED INC.
514,ADVANCE_CAPITAL_I_INC,2013-10-21,NEXTERA ENERGY INC
515,ADVANCE_CAPITAL_I_INC,2013-10-21,ALTRIA GROUP INC. IES INC.
516,ADVANCE_CAPITAL_I_INC,2013-10-21,HUNT J B TRANS SVCS
517,ADVANCE_CAPITAL_I_INC,2013-10-21,WILLIAMS-SONOMA INC .*
518,ADVANCE_CAPITAL_I_INC,2013-10-21,SMITHFIELD FOODS INC
519,ADVANCE_CAPITAL_I_INC,2013-10-21,STRYKER CORPORATION
520,ADVANCE_CAPITAL_I_INC,2013-10-21,FAIR ISAAC CORP
521,ADVANCE_CAPITAL_I_INC,2013-10-21,RAYTHEON CO
522,ADVANCE_CAPITAL_I_INC,2013-10-21,DOMTAR CORP.
523,ADVANCE_CAPITAL_I_INC,2013-10-21,FAIRCHILD SEMI-CONDUCTOR INC
524,ADVANCE_CAPITAL_I_INC,2013-10-21,BLACKROCK INC
525,ADVANCE_CAPITAL_I_INC,2013-10-21,PEPSICO INC.
526,ADVANCE_CAPITAL_I_INC,2013-10-21,JANUS CAP GROUP INC
527,ADVANCE_CAPITAL_I_INC,2013-10-21,JONES LANG LASALLEINC.
528,ADVANCE_CAPITAL_I_INC,2013-10-21,HENRY SCHEIN INC.
529,ADVANCE_CAPITAL_I_INC,2013-10-21,RENT-A-CENTER INC
530,ADVANCE_CAPITAL_I_INC,2013-10-21,BAKER HUGHES INC.
531,ADVANCE_CAPITAL_I_INC,2013-10-21,Masimo Corp
532,ADVANCE_CAPITAL_I_INC,2013-10-21,NORTHERN TRUST CORPORATION
533,ADVANCE_CAPITAL_I_INC,2013-10-21,UNITED THERAPEUTICS
534,ADVANCE_CAPITAL_I_INC,2013-10-21,FRANKLIN RESOURCES INC.
535,ADVANCE_CAPITAL_I_INC,2014-02-06,WHITEWAVE FOODS CO
536,ADVANCE_CAPITAL_I_INC,2014-02-06,NATIONAL FUEL GAS
537,ADVANCE_CAPITAL_I_INC,2014-02-06,SEI CORPORATION
538,ADVANCE_CAPITAL_I_INC,2014-02-06,VERIFONE SYSTEMS INC
539,ADVANCE_CAPITAL_I_INC,2014-02-06,FIRSTMERIT CORP
540,ADVANCE_CAPITAL_I_INC,2014-02-06,HAWAIIAN ELECTRIC INDUSTRIES INC.
541,ADVANCE_CAPITAL_I_INC,2014-02-06,TAUBMAN CENTERS INC
542,ADVANCE_CAPITAL_I_INC,2014-02-06,FLOWERS FOODS INC
543,ADVANCE_CAPITAL_I_INC,2014-02-06,WEINGARTEN REALTY INVESTORS
544,ADVANCE_CAPITAL_I_INC,2014-02-06,OCEANEERING INTERNAT
545,ADVANCE_CAPITAL_I_INC,2014-02-06,JOY GLOBAL INC
546,ADVANCE_CAPITAL_I_INC,2014-02-06,GARTNER INCCOM
547,ADVANCE_CAPITAL_I_INC,2014-02-06,RELIANCE STEEL & ALU
548,ADVANCE_CAPITAL_I_INC,2014-02-06,FAIRCHILD SEMICONDUCTOR INC
549,ADVANCE_CAPITAL_I_INC,2014-02-06,METTLER-TOLEDO INTL.
550,ADVANCE_CAPITAL_I_INC,2014-02-06,MICHAEL KORS HOLDING
551,ADVANCE_CAPITAL_I_INC,2014-02-06,ACI WORLDWIDE INC
552,ADVANCE_CAPITAL_I_INC,2014-02-06,JACK HENRY & ASSOC.
553,ADVANCE_CAPITAL_I_INC,2014-02-06,BROADRIDGE FINANCIAL SOLUTION
554,ADVANCE_CAPITAL_I_INC,2014-02-06,SOLERA HOLDINGS INC
555,ADVANCE_CAPITAL_I_INC,2014-02-06,HOSPITALITY PROPERTI
556,ADVANCE_CAPITAL_I_INC,2014-02-06,NATIONAL INSTRUMENTS CORP.
557,ADVANCE_CAPITAL_I_INC,2014-02-06,SENIOR HOUSING PROP
558,ADVANCE_CAPITAL_I_INC,2014-02-06,AMETEK INC
559,ADVANCE_CAPITAL_I_INC,2014-02-06,CLEAN HARBORS INC
560,ADVANCE_CAPITAL_I_INC,2014-02-06,INTREPID POTASH INC
561,ADVANCE_CAPITAL_I_INC,2014-02-06,WABTEC
562,ADVANCE_CAPITAL_I_INC,2014-02-06,ALLIANCE DATASYS
563,ADVANCE_CAPITAL_I_INC,2014-02-06,AOL INC
564,ADVANCE_CAPITAL_I_INC,2014-02-06,APTAR GROUP INC.
565,ADVANCE_CAPITAL_I_INC,2014-02-06,PACKAGING CORP OF AM
566,ADVANCE_CAPITAL_I_INC,2014-02-06,WOODWARD INC.
567,ADVANCE_CAPITAL_I_INC,2014-02-06,OGE ENERGY PROGRAM
568,ADVANCE_CAPITAL_I_INC,2014-02-06,TIBCO SOFTWARE INC
569,ADVANCE_CAPITAL_I_INC,2014-02-06,CADENCE DESIGN SYSTEMS INC.
570,ADVANCE_CAPITAL_I_INC,2014-02-06,CITY NATIONAL CORPORATION
571,ADVANCE_CAPITAL_I_INC,2014-02-06,INTEL
572,ADVANCE_CAPITAL_I_INC,2014-02-06,RPM INTERNATIONAL INC
573,ADVANCE_CAPITAL_I_INC,2014-02-06,CARTER'S INC
574,ADVANCE_CAPITAL_I_INC,2014-02-06,SILGAN HOLDINGS INC
575,ADVANCE_CAPITAL_I_INC,2014-02-06,SILICON LABORATORIES
576,ADVANCE_CAPITAL_I_INC,2014-02-06,AARONS INC
577,ADVANCE_CAPITAL_I_INC,2014-02-06,SIGNET JEWELERS
578,ADVANCE_CAPITAL_I_INC,2014-02-06,ANSYS INC.
579,ADVANCE_CAPITAL_I_INC,2014-02-06,DUKE REALTY INVESTMENTS INC.
580,ADVANCE_CAPITAL_I_INC,2014-02-06,INTERDIGITAL INC
581,ADVANCE_CAPITAL_I_INC,2014-02-06,INFORMATICA CORP
582,ADVANCE_CAPITAL_I_INC,2014-02-06,COMMERICAL METALS CO
583,ADVANCE_CAPITAL_I_INC,2014-02-06,FIRST HORIZON NATIONAL CORP.
584,ADVANCE_CAPITAL_I_INC,2014-02-06,EXTRA SPACE STORAGE
585,ADVANCE_CAPITAL_I_INC,2014-02-06,MEDNAX INC
586,ADVANCE_CAPITAL_I_INC,2014-02-06,CINEMARK HOLDINGS IN
587,ADVANCE_CAPITAL_I_INC,2014-02-06,LANDSTAR SYSTEM INC
588,ADVANCE_CAPITAL_I_INC,2014-02-06,APOLLO INVESTMENT CO
589,ADVANCE_CAPITAL_I_INC,2014-02-06,INTERNATIONAL BANCSH
590,ADVANCE_CAPITAL_I_INC,2014-02-06,RANDGOLD RESOURCES
591,ADVANCE_CAPITAL_I_INC,2014-02-06,GENESEE & WYOMING
592,ADVANCE_CAPITAL_I_INC,2014-02-06,3D SYSTEMS CORP
593,ADVANCE_CAPITAL_I_INC,2014-02-06,DONALDSON COMPANY INC.
594,ADVANCE_CAPITAL_I_INC,2014-02-06,CIMAREX ENERGY CO
595,ADVANCE_CAPITAL_I_INC,2014-02-06,SYNOVUS FINANCIAL CO
596,ADVANCE_CAPITAL_I_INC,2014-02-06,KOHLS CORPORATION
597,ADVANCE_CAPITAL_I_INC,2014-02-06,WASHINGTON FEDERAL
598,ADVANCE_CAPITAL_I_INC,2014-02-06,MYLAN INCCOM
599,ADVANCE_CAPITAL_I_INC,2014-02-06,FEDERAL REALTY INVES
600,ADVANCE_CAPITAL_I_INC,2014-02-06,MICROS SYSTEMS INC
601,ADVANCE_CAPITAL_I_INC,2014-02-06,FIDELITY NATL INFORM
602,ADVANCE_CAPITAL_I_INC,2014-02-06,SIGNATURE BANK
603,ADVANCE_CAPITAL_I_INC,2014-02-06,PERRIGO COMPANY
604,ADVANCE_CAPITAL_I_INC,2014-02-06,QUESTAR CORP
605,ADVANCE_CAPITAL_I_INC,2014-02-06,VECTREN CORPORATION
606,ADVANCE_CAPITAL_I_INC,2014-02-06,ASCENA RETAIL GROUP
607,ADVANCE_CAPITAL_I_INC,2014-02-06,DRIL-QUIP INC
608,ADVANCE_CAPITAL_I_INC,2014-02-06,MORGAN STANLEY DEAN WITTER  & COMPANY
609,ADVANCE_CAPITAL_I_INC,2014-02-06,BED BATH & BEYOND INC.*
610,ADVANCE_CAPITAL_I_INC,2014-02-06,MCDONALD'S CORPORATION
611,ADVANCE_CAPITAL_I_INC,2014-02-06,TOWERS WATSON & CO
612,ADVANCE_CAPITAL_I_INC,2014-02-06,ALLEGHANY CORP
613,ADVANCE_CAPITAL_I_INC,2014-02-06,TRINITY INDS INC
614,ADVANCE_CAPITAL_I_INC,2014-02-06,NV ENERGY INCCOM
615,ADVANCE_CAPITAL_I_INC,2014-02-06,PROSPERITY BANCSHARE
616,ADVANCE_CAPITAL_I_INC,2014-02-06,ARTHUR GALLAGHER CO
617,ADVANCE_CAPITAL_I_INC,2014-02-06,ESTERLINE TECH
618,ADVANCE_CAPITAL_I_INC,2014-02-06,SPX CORPCOM
619,ADVANCE_CAPITAL_I_INC,2014-02-06,GREAT PLAINS ENERGY
620,ADVANCE_CAPITAL_I_INC,2014-02-06,DARLING INTL INC
621,ADVANCE_CAPITAL_I_INC,2014-02-06,HMS HOLDINGS CORP.
622,ADVANCE_CAPITAL_I_INC,2014-02-06,MILLER HERMAN INC
623,ADVANCE_CAPITAL_I_INC,2014-02-06,CIENA CORPORATION
624,ADVANCE_CAPITAL_I_INC,2014-02-06,NUANCE COMMUNICATION.*
625,ADVANCE_CAPITAL_I_INC,2014-02-06,PANERA BREAD CO
626,ADVANCE_CAPITAL_I_INC,2014-02-06,UNDER ARMOUR INC
627,ADVANCE_CAPITAL_I_INC,2014-02-06,KRAFT FOODS GROUP
628,ADVANCE_CAPITAL_I_INC,2014-02-06,NEUSTAR INC
629,ADVANCE_CAPITAL_I_INC,2014-02-06,WEBSTER FINANCIAL
630,ADVANCE_CAPITAL_I_INC,2014-02-06,STEEL DYNAMICS
631,ADVANCE_CAPITAL_I_INC,2014-02-06,HOME PROPERTIES INC
632,ADVANCE_CAPITAL_I_INC,2014-02-06,CARLISLE COS. INC.
633,ADVANCE_CAPITAL_I_INC,2014-02-06,BRE PROPERTIES INC
634,ADVANCE_CAPITAL_I_INC,2014-02-06,CARPENTER TECHNOLOGY
635,ADVANCE_CAPITAL_I_INC,2014-02-06,HUBBELL INC
636,ADVANCE_CAPITAL_I_INC,2014-02-06,CYTEC INDUSTRIES INC
637,ADVANCE_CAPITAL_I_INC,2014-02-06,CBOE HOLDINGS INC
638,ADVANCE_CAPITAL_I_INC,2014-02-06,BE AEROSPACE INC
639,ADVANCE_CAPITAL_I_INC,2014-02-06,SILICON VALLEY BANCSHARES
640,ADVANCE_CAPITAL_I_INC,2014-02-06,ALBEMARLE CORP
641,ADVANCE_CAPITAL_I_INC,2014-02-06,VERTEX PHARMA.
642,ADVANCE_CAPITAL_I_INC,2014-02-06,SENSIENT TECH CORP
643,ADVANCE_CAPITAL_I_INC,2014-02-06,GLOBAL PAYMENTS INC
644,ADVANCE_CAPITAL_I_INC,2014-02-06,RF MICRO DEVICES INC.
645,ADVANCE_CAPITAL_I_INC,2014-02-06,CABELA'S INC
646,ADVANCE_CAPITAL_I_INC,2014-02-06,TELEFLEX INC
647,ADVANCE_CAPITAL_I_INC,2014-02-06,ZEBRA TECHNOLOGIES
648,ADVANCE_CAPITAL_I_INC,2014-02-06,MANPOWER INCORPORATED
649,ADVANCE_CAPITAL_I_INC,2014-02-06,TRACTOR SUPPLY CO
650,ADVANCE_CAPITAL_I_INC,2014-02-06,KIRBY CORPCOM
651,ADVANCE_CAPITAL_I_INC,2014-02-06,REGAL BELOIT CORP
652,ADVANCE_CAPITAL_I_INC,2014-02-06,WILLIAMS-SONOMA INC.*
653,ADVANCE_CAPITAL_I_INC,2014-02-06,FRANKLIN RESOURCESINC.
654,ADVANCE_CAPITAL_I_INC,2014-02-06,SOLARWINDS INC
655,ADVANCE_CAPITAL_I_INC,2014-02-06,CONVERGYS CORP
656,ADVANCE_CAPITAL_I_INC,2014-02-06,CHEESECAKE FACTORY
657,ADVANCE_CAPITAL_I_INC,2014-02-06,MENTOR GRAPHICS CORP
658,ADVANCE_CAPITAL_I_INC,2014-02-06,IDEXX LABORATORIES
659,ADVANCE_CAPITAL_I_INC,2014-02-06,LINCOLN ELECTRIC
660,ADVANCE_CAPITAL_I_INC,2014-02-06,CAMDEN PPTY TRSH
661,ADVANCE_CAPITAL_I_INC,2014-02-06,KENNAMETAL INC
662,ADVANCE_CAPITAL_I_INC,2014-02-06,Trimble Navigation
663,ADVANCE_CAPITAL_I_INC,2014-02-06,VALLEY NATIONAL BANC
664,ADVANCE_CAPITAL_I_INC,2014-02-06,DOMINO'S PIZZA INC.
665,ADVANCE_CAPITAL_I_INC,2014-02-06,DICK'S SPORTING GOOD
666,ADVANCE_CAPITAL_I_INC,2014-02-06,GREEN MTN COFFEE
667,ADVANCE_CAPITAL_I_INC,2014-02-06,AQUA AMERICA INC.
668,ADVANCE_CAPITAL_I_INC,2014-02-06,WILEY JOHN & SONS
669,ADVANCE_CAPITAL_I_INC,2014-02-06,NATIONAL RETAIL PROP
670,ADVANCE_CAPITAL_I_INC,2014-05-15,ADVANCED MICRO DEVIC
671,ADVANCE_CAPITAL_I_INC,2014-05-15,REGENCY CENTERS CORP
672,ADVANCE_CAPITAL_I_INC,2014-05-15,AECOM TECHNOLOGY
673,ADVANCE_CAPITAL_I_INC,2014-05-15,COMMUNITY HEALTH SYS
674,ADVANCE_CAPITAL_I_INC,2014-05-15,DTE ENERGY COMPANY
675,ADVANCE_CAPITAL_I_INC,2014-05-15,GILEAD SCIENCES INC.
676,ADVANCE_CAPITAL_I_INC,2014-05-15,FORTUNE BRANDS HOME & SECURITIES
677,ADVANCE_CAPITAL_I_INC,2014-05-15,CELGENE CORP.
678,ADVANCE_CAPITAL_I_INC,2014-05-15,AMERICAN FIN. GRP.
679,ADVANCE_CAPITAL_I_INC,2014-05-15,BIO-RAD LABORATORIES
680,ADVANCE_CAPITAL_I_INC,2014-05-15,WELLS FARGO
681,ADVANCE_CAPITAL_I_INC,2014-05-15,UNITED TECHNOLOGIES CORPORATION
682,ADVANCE_CAPITAL_I_INC,2014-05-15,ITT INDUSTRIES INC.
683,ADVANCE_CAPITAL_I_INC,2014-05-15,PHILIP MORRIS INTL
684,ADVANCE_CAPITAL_I_INC,2014-05-15,VALSPAR CORPORATION
685,ADVANCE_CAPITAL_I_INC,2014-05-15,HOLOGIC INC
686,ADVANCE_CAPITAL_I_INC,2014-05-15,CHICO'S FAS INC.
687,ADVANCE_CAPITAL_I_INC,2014-05-15,VALMONT INDUSTRIES
688,ADVANCE_CAPITAL_I_INC,2014-05-15,ORACLE
689,ADVANCE_CAPITAL_I_INC,2014-05-15,WAL-MART
690,ADVANCE_CAPITAL_I_INC,2014-05-15,CHURCH & DWIGHT INC
691,ADVANCE_CAPITAL_I_INC,2014-05-15,REGIS CORP
692,ADVANCE_CAPITAL_I_INC,2014-05-15,VCA ANTECH INC.
693,ADVANCE_CAPITAL_I_INC,2014-05-15,CONCUR TECHNOLOGIES
694,ADVANCE_CAPITAL_I_INC,2014-05-15,MEDTRONIC INC.
695,ADVANCE_CAPITAL_I_INC,2014-05-15,LIFEPOINT HOSPITALS
696,ADVANCE_CAPITAL_I_INC,2014-05-15,NXP SEMICONDUCTOR
697,ADVANCE_CAPITAL_I_INC,2014-05-15,TUPPERWARE BRANDS
698,ADVANCE_CAPITAL_I_INC,2014-05-15,TELEPHONE & DATA SYS
699,ADVANCE_CAPITAL_I_INC,2014-05-15,OMNICARE INC
700,ADVANCE_CAPITAL_I_INC,2014-05-15,PFIZER INC.
701,ADVANCE_CAPITAL_I_INC,2014-05-15,JETBLUE AIRWAYS CORP
702,ADVANCE_CAPITAL_I_INC,2014-05-15,AMGEN INC.*
703,ADVANCE_CAPITAL_I_INC,2014-05-15,CORPORATE OFFICE
704,ADVANCE_CAPITAL_I_INC,2014-05-15,LKQ CORPCOM
705,ADVANCE_CAPITAL_I_INC,2014-05-15,VODAFONE GROUP PLC
706,ADVANCE_CAPITAL_I_INC,2014-05-15,GENERAL DYNAMICS CORPORATION
707,ADVANCE_CAPITAL_I_INC,2014-05-15,POST HOLDINGS INC.
708,ADVANCE_CAPITAL_I_INC,2014-05-15,OIL STATES INTL
709,ADVANCE_CAPITAL_I_INC,2014-05-15,PNM RESOURCES INC
710,ADVANCE_CAPITAL_I_INC,2014-05-15,ASSOCIATED BANC-CORP
711,ADVANCE_CAPITAL_I_INC,2014-05-15,FEDEX CORPORATION
712,ADVANCE_CAPITAL_I_INC,2014-05-15,MOHAWK INDUSTRIES
713,ADVANCE_CAPITAL_I_INC,2014-05-15,UNITEDHEALTH GROUP I
714,ADVANCE_CAPITAL_I_INC,2014-05-15,WATSCO INC.
715,ADVANCE_CAPITAL_I_INC,2014-05-15,APPLE COMPUTER
716,ADVANCE_CAPITAL_I_INC,2014-05-15,INGREDION INC.
717,ADVANCE_CAPITAL_I_INC,2014-05-15,CHARLES RIVER LABORATORIES
718,ADVANCE_CAPITAL_I_INC,2014-05-15,EAST-WEST BANCORP INC
719,ADVANCE_CAPITAL_I_INC,2014-05-15,OUTERWALL INC.
720,ADVANCE_CAPITAL_I_INC,2014-05-15,RENT-A-CENTER INC
721,ADVANCE_CAPITAL_I_INC,2014-05-15,PLANTRONICS INC
722,ADVANCE_CAPITAL_I_INC,2014-05-15,CADENCE DESIGN SYSTEMS Inc.
723,ADVANCE_CAPITAL_I_INC,2014-05-15,INTL SPEEDWAY CORP
724,ADVANCE_CAPITAL_I_INC,2014-05-15,ENERGEN CORPCOM
725,ADVANCE_CAPITAL_I_INC,2014-05-15,CATERPILLER INC.
726,ADVANCE_CAPITAL_I_INC,2014-05-15,EQUINIX INC
727,ADVANCE_CAPITAL_I_INC,2014-05-15,TIME WARNER INC
728,ADVANCE_CAPITAL_I_INC,2014-05-15,JOHNSON & JOHNSON
729,ADVANCE_CAPITAL_I_INC,2014-05-15,RR DONNELLEY & SONS
730,ADVANCE_CAPITAL_I_INC,2014-05-15,DRESSER-RAND GROUP
731,ADVANCE_CAPITAL_I_INC,2014-05-15,DST SYSTEMS INC.
732,ADVANCE_CAPITAL_I_INC,2014-05-15,RIVERBED TECHNOLOGY
733,ADVANCE_CAPITAL_I_INC,2014-05-15,GENERAL CABLE CORP
734,ADVANCE_CAPITAL_I_INC,2014-05-15,SYNOPSYS INC.*
735,ADVANCE_CAPITAL_I_INC,2014-05-15,MDC HOLDINGS INC
736,ADVANCE_CAPITAL_I_INC,2014-05-15,TW TELECOM INC
737,ADVANCE_CAPITAL_I_INC,2014-05-15,Cummins Inc
738,ADVANCE_CAPITAL_I_INC,2014-05-15,EVEREST REINSURANCE
739,ADVANCE_CAPITAL_I_INC,2014-05-15,HANESBRAND INC
740,ADVANCE_CAPITAL_I_INC,2014-05-15,LENNOX INTERNATIONAL
741,ADVANCE_CAPITAL_I_INC,2014-05-15,Freeport-McMoRan
742,ADVANCE_CAPITAL_I_INC,2014-05-15,INTERSIL CORP.
743,ADVANCE_CAPITAL_I_INC,2014-05-15,PTC INC
744,ADVANCE_CAPITAL_I_INC,2014-05-15,BROWN & BROWN INC
745,ADVANCE_CAPITAL_I_INC,2014-05-15,LILLY (ELI)
746,ADVANCE_CAPITAL_I_INC,2014-05-15,IAC/INTERACTIVECORP
747,ADVANCE_CAPITAL_I_INC,2014-05-15,ADVANCE AUTO PARTS
748,ADVANCE_CAPITAL_I_INC,2014-05-15,PPG INDS INC.
749,ADVANCE_CAPITAL_I_INC,2014-05-15,FULTON FINANCIAL COR
750,ADVANCE_CAPITAL_I_INC,2014-05-15,FIRST NIAGARA FINANC
751,ADVANCE_CAPITAL_I_INC,2014-05-15,CYPRESS SEMI.
752,ADVANCE_CAPITAL_I_INC,2014-05-15,BOB EVANS FARMS
753,ADVANCE_CAPITAL_I_INC,2014-05-15,MACK-CALI REALTY
754,ADVANCE_CAPITAL_I_INC,2014-05-15,COOPER COS INC
755,ADVANCE_CAPITAL_I_INC,2014-05-15,PNC BANK CORPORATION
756,ADVANCE_CAPITAL_I_INC,2014-05-15,TOLL BROTHERS INC.
757,ADVANCE_CAPITAL_I_INC,2014-05-15,MSCI INC
758,ADVANCE_CAPITAL_I_INC,2014-05-15,CORELOGIC INC
759,ADVANCE_CAPITAL_I_INC,2014-05-15,NEW YORK COMM BANCOR
760,ADVANCE_CAPITAL_I_INC,2014-05-15,POLARIS INDUSTRIES
761,ADVANCE_CAPITAL_I_INC,2014-05-15,KILROY REALTY CORP
762,ADVANCE_CAPITAL_I_INC,2014-05-15,MINE SAFETY APPLIANC
763,ADVANCE_CAPITAL_I_INC,2014-05-15,CARDINAL HEALTH INC.
764,ADVANCE_CAPITAL_I_INC,2014-05-15,DOMTAR CORP.
765,ADVANCE_CAPITAL_I_INC,2014-05-15,EXXON MOBIL CORP.
766,ADVANCE_CAPITAL_I_INC,2014-05-15,EMC CORPORATION - MA
767,ADVANCE_CAPITAL_I_INC,2014-05-15,VERIZON COMM
768,ADVANCE_CAPITAL_I_INC,2014-05-15,RAYMOND JAMES FINANCIAL INC.
769,ADVANCE_CAPITAL_I_INC,2014-05-15,CORRECTIONS CORP
770,ADVANCE_CAPITAL_I_INC,2014-05-15,GRANITE CONSTRUCTION
771,ADVANCE_CAPITAL_I_INC,2014-05-15,ROSS STORES
772,ADVANCE_CAPITAL_I_INC,2014-05-15,URS CORPCM
773,ADVANCE_CAPITAL_I_INC,2014-05-15,ST PAUL TRAVELERS CO
774,ADVANCE_CAPITAL_I_INC,2014-05-15,ARROW ELECTRONIC
775,ADVANCE_CAPITAL_I_INC,2014-05-15,OCCIDENTAL PETROLEUM
776,ADVANCE_CAPITAL_I_INC,2014-05-15,GOOGLE
777,ADVANCE_CAPITAL_I_INC,2014-05-15,HCC Insurance Hldgs.
778,ADVANCE_CAPITAL_I_INC,2014-05-15,CHEVRON TEXACO CORP.
779,ADVANCE_CAPITAL_I_INC,2014-05-15,UNITED RENTALS INC.
780,ADVANCE_CAPITAL_I_INC,2014-05-15,CAMPUS CREST COMM
781,ADVANCE_CAPITAL_I_INC,2014-05-15,BANK OF NEW YORK COMPANY INC.
782,ADVANCE_CAPITAL_I_INC,2014-05-15,UNIVERSAL HEALTH SVS
783,ADVANCE_CAPITAL_I_INC,2014-05-15,ASHLAND INC.
784,ADVANCE_CAPITAL_I_INC,2014-05-15,CSX Corp
785,ADVANCE_CAPITAL_I_INC,2014-05-15,COCA COLA
786,ADVANCE_CAPITAL_I_INC,2014-05-15,VALERO ENERGY CORP
787,ADVANCE_CAPITAL_I_INC,2014-05-15,UDR INCCOM
788,ADVANCE_CAPITAL_I_INC,2014-05-15,CERNER CORP
789,ADVANCE_CAPITAL_I_INC,2014-05-15,LIFE TIME FITNESS
790,ADVANCE_CAPITAL_I_INC,2014-05-15,FTI CONSULTING INC.
791,ADVANCE_CAPITAL_I_INC,2014-05-15,QUALCOMM INC
792,ADVANCE_CAPITAL_I_INC,2014-05-15,MORGAN STANLEY DEAN WITTER & COMPANY
793,ADVANCE_CAPITAL_I_INC,2014-05-15,ILLINOIS TOOL WORKS
794,ADVANCE_CAPITAL_I_INC,2014-05-15,Teva Pharmaceutical
795,ADVANCE_CAPITAL_I_INC,2014-05-15,RIO TINTO PLC
796,ADVANCE_CAPITAL_I_INC,2014-05-15,Bill Barrett Corp
797,ADVANCE_CAPITAL_I_INC,2014-05-15,UGI HOLDING CORPCOM
798,ADVANCE_CAPITAL_I_INC,2014-05-15,ACE Limited
799,ADVANCE_CAPITAL_I_INC,2014-05-15,OLD REPUBLIC INTL
800,ADVANCE_CAPITAL_I_INC,2014-05-15,IDEX CORPORATION
801,ADVANCE_CAPITAL_I_INC,2014-05-15,WALGREEN CO
802,ADVANCE_CAPITAL_I_INC,2014-05-15,CAPITAL ONE FINANCIAL CORP
803,ADVANCE_CAPITAL_I_INC,2014-05-15,HOME DEPOT
804,ADVANCE_CAPITAL_I_INC,2014-05-15,TRIUMPH GROUP INCCOM
805,ADVANCE_CAPITAL_I_INC,2014-05-15,CON-WAY INC.
806,ADVANCE_CAPITAL_I_INC,2014-05-15,ESSEX PROPERTY TRUST
807,ADVANCE_CAPITAL_I_INC,2014-05-15,NEXTERA ENERGY INC
808,ADVANCE_CAPITAL_I_INC,2014-05-15,LOUISIANA-PACIFIC CO
809,ADVANCE_CAPITAL_I_INC,2014-05-15,DUKE REALTY INVESTMENTS Inc.
810,ADVANCE_CAPITAL_I_INC,2014-05-15,RALPH LAUREN CORP
811,ADVANCE_CAPITAL_I_INC,2014-05-15,CISCO
812,ADVANCE_CAPITAL_I_INC,2014-05-15,HANOVER INSURANCE
813,ADVANCE_CAPITAL_I_INC,2014-05-15,AMERICAN EXPRESS COMPANY
814,ADVANCE_CAPITAL_I_INC,2014-05-15,CVS CORPORATION
815,ADVANCE_CAPITAL_I_INC,2014-05-15,PEABODY ENERGY
816,ADVANCE_CAPITAL_I_INC,2014-05-15,DANAHER CORPORATION
817,ADVANCE_CAPITAL_I_INC,2014-05-15,HELIX ENERGY SOLUTIONS GROUP
818,ADVANCE_CAPITAL_I_INC,2014-05-15,TRW Automotive Holdings Co
819,ADVANCE_CAPITAL_I_INC,2014-05-15,DEVON ENERGY CORPORATION
820,ADVANCE_CAPITAL_I_INC,2014-05-15,AMERISOURCE BERGEN
821,ADVANCE_CAPITAL_I_INC,2014-05-15,EQUITY ONE INC.
822,ADVANCE_CAPITAL_I_INC,2014-05-15,POLYCOM
823,ADVANCE_CAPITAL_I_INC,2014-05-15,DREAMWORKS ANIMATION
824,ADVANCE_CAPITAL_I_INC,2014-05-15,STRYKER CORPORATION
825,ADVANCE_CAPITAL_I_INC,2014-05-15,THOR INDUSTRIES INC
826,ADVANCE_CAPITAL_I_INC,2014-05-15,COMCAST CORP
827,ADVANCE_CAPITAL_I_INC,2014-05-15,ENERGIZER HOLDINGS
828,ADVANCE_CAPITAL_I_INC,2014-05-15,TIMKEN CO
829,ADVANCE_CAPITAL_I_INC,2014-05-15,WHIRLPOOL CORPORATIO
830,ADVANCE_CAPITAL_I_INC,2014-05-15,COACH INC
831,ADVANCE_CAPITAL_I_INC,2014-05-15,AMERICAN CAMPUS
832,ADVANCE_CAPITAL_I_INC,2014-05-15,ALLSCRIPTS MISYS HEALTHCARE SOLUTION
833,ADVANCE_CAPITAL_I_INC,2014-05-15,HSN INC.
834,ADVANCE_CAPITAL_I_INC,2014-05-15,SUPERIOR ENERGY SERV
835,ADVANCE_CAPITAL_I_INC,2014-05-15,UNIVERSAL CORP
836,ADVANCE_CAPITAL_I_INC,2014-05-15,BANK OF AMERICA CORP
837,ADVANCE_CAPITAL_I_INC,2014-05-15,AVNET INC
838,ADVANCE_CAPITAL_I_INC,2014-05-15,BRINKER INTERNATIONA
839,ADVANCE_CAPITAL_I_INC,2014-05-15,BIOMED REALTY TRUST
840,ADVANCE_CAPITAL_I_INC,2014-05-15,FAIRCHILD SEMI-CONDUCTOR INC
841,ADVANCE_CAPITAL_I_INC,2014-05-15,MARATHON PETROLEUM
842,ADVANCE_CAPITAL_I_INC,2014-05-15,MERCK & COMPANY INC.
843,ADVANCE_CAPITAL_I_INC,2014-05-15,ALEXANDRIA REAL EST
844,ADVANCE_CAPITAL_I_INC,2014-05-15,ALASKA AIR GROUP
845,ADVANCE_CAPITAL_I_INC,2014-05-15,MARATHON OIL CORP.
846,ADVANCE_CAPITAL_I_INC,2014-05-15,TARGET CORP.
847,ADVANCE_CAPITAL_I_INC,2014-05-15,AETNA INC.
848,ADVANCE_CAPITAL_I_INC,2014-05-15,SL GREEN REALTY CORP
849,ADVANCE_CAPITAL_I_INC,2014-05-15,PETSMART INC.
850,ADVANCE_CAPITAL_I_INC,2014-05-15,DEAN FOODS CO
851,ADVANCE_CAPITAL_I_INC,2014-05-15,ALEXANDER & BALDWIN
852,ADVANCE_CAPITAL_I_INC,2014-05-15,PROCTOR & GAMBLE
853,ADVANCE_CAPITAL_I_INC,2014-05-15,AT&T
854,ADVANCE_CAPITAL_I_INC,2014-05-15,MDU RES GROUP INC
855,ADVANCE_CAPITAL_I_INC,2014-05-15,GENERAL ELECTRIC COMPANY
856,ADVANCE_CAPITAL_I_INC,2014-05-15,CABOT CORP.
857,ADVANCE_CAPITAL_I_INC,2014-05-15,SKYWORKS SOLUTIONS I
858,ADVANCE_CAPITAL_I_INC,2014-05-15,PERRIGO CO PLC
859,ADVANCE_CAPITAL_I_INC,2014-05-15,VISHAY INTERTECHNOLO
860,ADVANCE_CAPITAL_I_INC,2014-05-15,NCR CORPCOM
861,ADVANCE_CAPITAL_I_INC,2014-05-15,VISA INC
862,ADVANCE_CAPITAL_I_INC,2014-05-15,ATMEL CORPORATION
863,ADVANCE_CAPITAL_I_INC,2014-05-15,BED BATH & BEYOND I NC.*
864,ADVANCE_CAPITAL_I_INC,2014-05-15,LAMAR ADVERTISING COMPANY
865,ADVANCE_CAPITAL_I_INC,2014-05-15,CATAMARAN CORP
866,ADVANCE_CAPITAL_I_INC,2014-05-15,FIRST AMERICAN FINAN
867,ADVANCE_CAPITAL_I_INC,2014-05-15,FIDELITY NATIONAL
868,ADVANCE_CAPITAL_I_INC,2014-05-15,HILLSHIRE BRANDS CO
869,ADVANCE_CAPITAL_I_INC,2014-05-15,AGCO CO
870,ADVANCE_CAPITAL_I_INC,2014-05-15,CRANE COMPANY
871,ADVANCE_CAPITAL_I_INC,2014-05-15,DOLLAR TREE INC
872,ADVANCE_CAPITAL_I_INC,2014-05-15,PATTERSON-UTI ENERGY
873,ADVANCE_CAPITAL_I_INC,2014-05-15,FOOT LOCKER INCCOM
874,ADVANCE_CAPITAL_I_INC,2014-05-15,JP MORGAN CHASE & CO.
875,ADVANCE_CAPITAL_I_INC,2014-05-15,COSTCO
876,ADVANCE_CAPITAL_I_INC,2014-05-15,TORONTO DOMINION
877,ADVANCE_CAPITAL_I_INC,2014-05-15,HELMERICH & PAYNE
878,ADVANCE_CAPITAL_I_INC,2014-05-15,IBM
879,ADVANCE_CAPITAL_I_INC,2014-05-15,UNITED NATURAL FOODS
880,ADVANCE_CAPITAL_I_INC,2014-05-15,ALLSTATE CORP
881,ADVANCE_CAPITAL_I_INC,2014-05-15,HANCOCK HOLDING CO
882,ADVANCE_CAPITAL_I_INC,2014-05-15,PPL CORPORATION
883,ADVANCE_CAPITAL_I_INC,2014-05-15,ROSETTA RESOURCES
884,ADVANCE_CAPITAL_I_INC,2014-05-15,AMERICAN EAGLE
885,ADVANCE_CAPITAL_I_INC,2014-05-15,U.S. BANCORP
886,ADVANCE_CAPITAL_I_INC,2014-05-15,EAGLE MATERIALS
887,ADVANCE_CAPITAL_I_INC,2014-05-15,DISNEY WALT COMPANY
888,ADVANCE_CAPITAL_I_INC,2014-05-15,WR BERKLEY CORP
889,ADVANCE_CAPITAL_I_INC,2014-05-15,FLUOR CORP
890,ADVANCE_CAPITAL_I_INC,2014-05-15,MICROSOFT
891,ADVANCE_CAPITAL_I_INC,2014-05-15,QUESTCOR PHARM
892,ADVANCE_CAPITAL_I_INC,2014-05-15,WORLD FUEL SERVICES
893,ADVANCE_CAPITAL_I_INC,2014-05-15,MSC INDUSTRIAL DIREC
894,ADVANCE_CAPITAL_I_INC,2014-05-15,VALASSIS COMMUNICATIONS
895,ADVANCE_CAPITAL_I_INC,2014-05-15,STERIS CORP
896,ADVANCE_CAPITAL_I_INC,2014-05-15,UPS
897,ADVANCE_CAPITAL_I_INC,2014-05-15,OLIN CORP
898,ADVANCE_CAPITAL_I_INC,2014-05-15,TEREX CORP
899,ADVANCE_CAPITAL_I_INC,2014-05-15,STATE STREET CORP
900,ADVANCE_CAPITAL_I_INC,2014-05-15,CITIGROUP INC.
901,ADVANCE_CAPITAL_I_INC,2014-05-15,SERVICE CORP INTL
902,ADVANCE_CAPITAL_I_INC,2014-05-15,TEMPUR-PEDIC INTER
903,ADVANCE_CAPITAL_I_INC,2014-05-15,TJX COMPANIES INC.
904,ADVANCE_CAPITAL_I_INC,2014-05-15,COVIDIEN PLC.
905,ADVANCE_CAPITAL_I_INC,2014-05-15,JONES LANG LASALLE INC.
906,ADVANCE_CAPITAL_I_INC,2014-05-15,OFFICE DEPOT INC.
907,ADVANCE_CAPITAL_I_INC,2014-05-15,LIBERTY PPTY TRSH
908,ADVANCE_CAPITAL_I_INC,2014-05-15,APACHE CORPORATION
909,ADVANCE_CAPITAL_I_INC,2014-05-15,UNITED THERAPEUTICS
910,ADVANCE_CAPITAL_I_INC,2014-05-15,FRANKLIN RESOURCES INC.
911,ADVANCE_CAPITAL_I_INC,2014-05-15,THORATEC CORPORATION
912,ADVANCE_CAPITAL_I_INC,2014-08-05,CONSOL ENERGY INC
913,ADVANCE_CAPITAL_I_INC,2014-08-05,ATMEL CORP
914,ADVANCE_CAPITAL_I_INC,2014-08-05,JONES LANG LASALLE INC
915,ADVANCE_CAPITAL_I_INC,2014-08-05,BARRETT BILL CORP
916,ADVANCE_CAPITAL_I_INC,2014-08-05,MICRON TECHNOLOGY INC
917,ADVANCE_CAPITAL_I_INC,2014-08-05,PRUDENTIAL FINL INC
918,ADVANCE_CAPITAL_I_INC,2014-08-05,QEP RES INC
919,ADVANCE_CAPITAL_I_INC,2014-08-05,ARROW ELECTRS INC
920,ADVANCE_CAPITAL_I_INC,2014-08-05,CLIFFS NAT RES INC
921,ADVANCE_CAPITAL_I_INC,2014-08-05,AMERISOURCEBERGEN CORP
922,ADVANCE_CAPITAL_I_INC,2014-08-05,FIRSTMERIT CORP
923,ADVANCE_CAPITAL_I_INC,2014-08-05,UDR INC
924,ADVANCE_CAPITAL_I_INC,2014-08-05,DELTA AIR LINES INC DEL
925,ADVANCE_CAPITAL_I_INC,2014-08-05,HCC INS HLDGS INC
926,ADVANCE_CAPITAL_I_INC,2014-08-05,LOEWS CORP
927,ADVANCE_CAPITAL_I_INC,2014-08-05,POST HLDGS INC
928,ADVANCE_CAPITAL_I_INC,2014-08-05,DOVER CORP
929,ADVANCE_CAPITAL_I_INC,2014-08-05,KB HOME
930,ADVANCE_CAPITAL_I_INC,2014-08-05,MURPHY OIL CORP
931,ADVANCE_CAPITAL_I_INC,2014-08-05,PVH CORP
932,ADVANCE_CAPITAL_I_INC,2014-08-05,MATSON INC
933,ADVANCE_CAPITAL_I_INC,2014-08-05,WATSCO INC
934,ADVANCE_CAPITAL_I_INC,2014-08-05,UNIVERSAL HLTH SVCS INC
935,ADVANCE_CAPITAL_I_INC,2014-08-05,HEALTH NET INC
936,ADVANCE_CAPITAL_I_INC,2014-08-05,ALASKA AIR GROUP INC
937,ADVANCE_CAPITAL_I_INC,2014-08-05,ROWAN COMPANIES PLC
938,ADVANCE_CAPITAL_I_INC,2014-08-05,METLIFE INC
939,ADVANCE_CAPITAL_I_INC,2014-08-05,SUPERIOR ENERGY SVCS INC
940,ADVANCE_CAPITAL_I_INC,2014-08-05,D R HORTON INC
941,ADVANCE_CAPITAL_I_INC,2014-08-05,ITRON INC
942,ADVANCE_CAPITAL_I_INC,2014-08-05,REINSURANCE GROUP AMER INC
943,ADVANCE_CAPITAL_I_INC,2014-08-05,VISHAY INTERTECHNOLOGY INC
944,ADVANCE_CAPITAL_I_INC,2014-08-05,ENERGEN CORP
945,ADVANCE_CAPITAL_I_INC,2014-08-05,ALLIANT ENERGY CORP
946,ADVANCE_CAPITAL_I_INC,2014-08-05,DENBURY RES INC
947,ADVANCE_CAPITAL_I_INC,2014-08-05,INGREDION INC
948,ADVANCE_CAPITAL_I_INC,2014-08-05,AMERICAN CAMPUS CMNTYS INC
949,ADVANCE_CAPITAL_I_INC,2014-08-05,SUNEDISON INC
950,ADVANCE_CAPITAL_I_INC,2014-08-05,FLUOR CORP NEW
951,ADVANCE_CAPITAL_I_INC,2014-08-05,GATX CORP
952,ADVANCE_CAPITAL_I_INC,2014-08-05,ENERGIZER HLDGS INC
953,ADVANCE_CAPITAL_I_INC,2014-08-05,STARBUCKS CORP
954,ADVANCE_CAPITAL_I_INC,2014-08-05,UGI CORP NEW
955,ADVANCE_CAPITAL_I_INC,2014-08-05,NATIONAL RETAIL PPTYS INC
956,ADVANCE_CAPITAL_I_INC,2014-08-05,UNIT CORP
957,ADVANCE_CAPITAL_I_INC,2014-08-05,AT&T INC
958,ADVANCE_CAPITAL_I_INC,2014-08-05,ALEXANDRIA REAL ESTATE EQ IN
959,ADVANCE_CAPITAL_I_INC,2014-08-05,DUKE REALTY CORP
960,ADVANCE_CAPITAL_I_INC,2014-08-05,AQUA AMERICA INC
961,ADVANCE_CAPITAL_I_INC,2014-08-05,AGRIUM INC
962,ADVANCE_CAPITAL_I_INC,2014-08-05,BED BATH & BEYOND INC
963,ADVANCE_CAPITAL_I_INC,2014-08-05,GREAT PLAINS ENERGY INC
964,ADVANCE_CAPITAL_I_INC,2014-08-05,CST BRANDS INC
965,ADVANCE_CAPITAL_I_INC,2014-08-05,AECOM TECHNOLOGY CORP DELAWA
966,ADVANCE_CAPITAL_I_INC,2014-08-05,FIRST NIAGARA FINL GP INC
967,ADVANCE_CAPITAL_I_INC,2014-08-05,PNM RES INC
968,ADVANCE_CAPITAL_I_INC,2014-08-05,REGENCY CTRS CORP
969,ADVANCE_CAPITAL_I_INC,2014-08-05,VCA ANTECH INC
970,ADVANCE_CAPITAL_I_INC,2014-08-05,ITT CORP NEW
971,ADVANCE_CAPITAL_I_INC,2014-08-05,JUNIPER NETWORKS INC
972,ADVANCE_CAPITAL_I_INC,2014-08-05,OIL STS INTL INC
973,ADVANCE_CAPITAL_I_INC,2014-08-05,KILROY RLTY CORP
974,ADVANCE_CAPITAL_I_INC,2014-08-05,STATE STR CORP
975,ADVANCE_CAPITAL_I_INC,2014-08-05,NEWFIELD EXPL CO
976,ADVANCE_CAPITAL_I_INC,2014-08-05,HANOVER INS GROUP INC
977,ADVANCE_CAPITAL_I_INC,2014-08-05,HSN INC
978,ADVANCE_CAPITAL_I_INC,2014-08-05,AMERICAN FINL GROUP INC OHIO
979,ADVANCE_CAPITAL_I_INC,2014-08-05,TIDEWATER INC
980,ADVANCE_CAPITAL_I_INC,2014-08-05,WELLCARE HEALTH PLANS INC
981,ADVANCE_CAPITAL_I_INC,2014-08-05,COMPUWARE CORP
982,ADVANCE_CAPITAL_I_INC,2014-08-05,THOR INDS INC
983,ADVANCE_CAPITAL_I_INC,2014-08-05,GENERAL CABLE CORP DEL NEW
984,ADVANCE_CAPITAL_I_INC,2014-08-05,MATTEL INC
985,ADVANCE_CAPITAL_I_INC,2014-08-05,APACHE CORP
986,ADVANCE_CAPITAL_I_INC,2014-08-05,INTL PAPER CO
987,ADVANCE_CAPITAL_I_INC,2014-08-05,GRANITE CONSTR INC
988,ADVANCE_CAPITAL_I_INC,2014-08-05,WESTAR ENERGY INC
989,ADVANCE_CAPITAL_I_INC,2014-08-05,HOSPITALITY PPTYS TR
990,ADVANCE_CAPITAL_I_INC,2014-08-05,RENT A CTR INC NEW
991,ADVANCE_CAPITAL_I_INC,2014-08-05,HELIX ENERGY SOLUTIONS GRP I
992,ADVANCE_CAPITAL_I_INC,2014-08-05,LIBERTY PPTY TR
993,ADVANCE_CAPITAL_I_INC,2014-08-05,PULTE GROUP INC
994,ADVANCE_CAPITAL_I_INC,2014-08-05,TERADYNE INC
995,ADVANCE_CAPITAL_I_INC,2014-08-05,HARSCO CORP
996,ADVANCE_CAPITAL_I_INC,2014-08-05,HARTFORD FINL SVCS GROUP INC
997,ADVANCE_CAPITAL_I_INC,2014-08-05,PLANTRONICS INC NEW
998,ADVANCE_CAPITAL_I_INC,2014-08-05,EAST WEST BANCORP INC
999,ADVANCE_CAPITAL_I_INC,2014-08-05,COMMUNITY HEALTH SYS INC NEW
1000,ADVANCE_CAPITAL_I_INC,2014-08-05,DOLLAR GEN CORP NEW
1001,ADVANCE_CAPITAL_I_INC,2014-08-05,FREEPORT-MCMORAN COPPER & GO
1002,ADVANCE_CAPITAL_I_INC,2014-08-05,AMERICAN EAGLE OUTFITTERS NE
1003,ADVANCE_CAPITAL_I_INC,2014-08-05,NOBLE CORP PLC
1004,ADVANCE_CAPITAL_I_INC,2014-08-05,ALLSCRIPTS HEALTHCARE SOLUTN
1005,ADVANCE_CAPITAL_I_INC,2014-08-05,MILLER HERMAN INC
1006,ADVANCE_CAPITAL_I_INC,2014-08-05,ACE LTD
1007,ADVANCE_CAPITAL_I_INC,2014-08-05,NATIONAL OILWELL VARCO INC
1008,ADVANCE_CAPITAL_I_INC,2014-08-05,TELEPHONE & DATA SYS INC
1009,ADVANCE_CAPITAL_I_INC,2014-08-05,ANADARKO PETE CORP
1010,ADVANCE_CAPITAL_I_INC,2014-08-05,DEAN FOODS CO NEW
1011,ADVANCE_CAPITAL_I_INC,2014-08-05,GAMESTOP CORP NEW
1012,ADVANCE_CAPITAL_I_INC,2014-08-05,INVESCO LTD
1013,ADVANCE_CAPITAL_I_INC,2014-08-05,UNITED STATES STL CORP NEW
1014,ADVANCE_CAPITAL_I_INC,2014-08-05,MACK CALI RLTY CORP
1015,ADVANCE_CAPITAL_I_INC,2014-08-05,ATWOOD OCEANICS INC
1016,ADVANCE_CAPITAL_I_INC,2014-08-05,CADENCE DESIGN SYSTEM INC
1017,ADVANCE_CAPITAL_I_INC,2014-08-05,EXPEDITORS INTL WASH INC
1018,ADVANCE_CAPITAL_I_INC,2014-08-05,AGCO CORP
1019,ADVANCE_CAPITAL_I_INC,2014-08-05,ROBERT HALF INTL INC
1020,ADVANCE_CAPITAL_I_INC,2014-08-05,HOME PROPERTIES INC
1021,ADVANCE_CAPITAL_I_INC,2014-08-05,SUPERVALU INC
1022,ADVANCE_CAPITAL_I_INC,2014-08-05,BIOMED REALTY TRUST INC
1023,ADVANCE_CAPITAL_I_INC,2014-08-05,JOHNSON CTLS INC
1024,ADVANCE_CAPITAL_I_INC,2014-08-05,NOBLE ENERGY INC
1025,ADVANCE_CAPITAL_I_INC,2014-08-05,SALESFORCE COM INC
1026,ADVANCE_CAPITAL_I_INC,2014-08-05,LIFE TIME FITNESS INC
1027,ADVANCE_CAPITAL_I_INC,2014-08-05,BOB EVANS FARMS INC
1028,ADVANCE_CAPITAL_I_INC,2014-08-05,HOLLYFRONTIER CORP
1029,ADVANCE_CAPITAL_I_INC,2014-08-05,JACOBS ENGR GROUP INC DEL
1030,ADVANCE_CAPITAL_I_INC,2014-08-05,GAP INC DEL
1031,ADVANCE_CAPITAL_I_INC,2014-08-05,ROVI CORP
1032,ADVANCE_CAPITAL_I_INC,2014-08-05,TWENTY FIRST CENTY FOX INC
1033,ADVANCE_CAPITAL_I_INC,2014-08-05,ATMOS ENERGY CORP
1034,ADVANCE_CAPITAL_I_INC,2014-08-05,DOMTAR CORP
1035,ADVANCE_CAPITAL_I_INC,2014-08-05,ENSCO PLC
1036,ADVANCE_CAPITAL_I_INC,2014-08-05,ALBEMARLE CORP
1037,ADVANCE_CAPITAL_I_INC,2014-08-05,CONOCOPHILLIPS
1038,ADVANCE_CAPITAL_I_INC,2014-08-05,ROYAL GOLD INC
1039,ADVANCE_CAPITAL_I_INC,2014-08-05,GENWORTH FINL INC
1040,ADVANCE_CAPITAL_I_INC,2014-08-05,SL GREEN RLTY CORP
1041,ADVANCE_CAPITAL_I_INC,2014-08-05,AUTODESK INC
1042,ADVANCE_CAPITAL_I_INC,2014-08-05,DST SYS INC DEL
1043,ADVANCE_CAPITAL_I_INC,2014-08-05,FTI CONSULTING INC
1044,ADVANCE_CAPITAL_I_INC,2014-08-05,LOUISIANA PAC CORP
1045,ADVANCE_CAPITAL_I_INC,2014-08-05,BERKLEY W R CORP
1046,ADVANCE_CAPITAL_I_INC,2014-08-05,BRUNSWICK CORP
1047,ADVANCE_CAPITAL_I_INC,2014-08-05,OFFICE DEPOT INC
1048,ADVANCE_CAPITAL_I_INC,2014-08-05,CON-WAY INC
1049,ADVANCE_CAPITAL_I_INC,2014-08-05,CABOT OIL & GAS CORP
1050,ADVANCE_CAPITAL_I_INC,2014-08-05,RAYONIER INC
1051,ADVANCE_CAPITAL_I_INC,2014-08-05,KBR INC
1052,ADVANCE_CAPITAL_I_INC,2014-08-05,ABERCROMBIE & FITCH CO
1053,ADVANCE_CAPITAL_I_INC,2014-08-05,FRANKLIN RES INC
1054,ADVANCE_CAPITAL_I_INC,2014-08-05,CORRECTIONS CORP AMER NEW
1055,ADVANCE_CAPITAL_I_INC,2014-08-05,JABIL CIRCUIT INC
1056,ADVANCE_CAPITAL_I_INC,2014-08-05,LAM RESEARCH CORP
1057,ADVANCE_CAPITAL_I_INC,2014-08-05,QUANTA SVCS INC
1058,ADVANCE_CAPITAL_I_INC,2014-08-05,EQUITY ONE
1059,ADVANCE_CAPITAL_I_INC,2014-08-05,TESORO CORP
1060,ADVANCE_CAPITAL_I_INC,2014-08-05,OSHKOSH CORP
1061,ADVANCE_CAPITAL_I_INC,2014-08-05,GENERAL MTRS CO
1062,ADVANCE_CAPITAL_I_INC,2014-08-05,ROSETTA RESOURCES INC
1063,ADVANCE_CAPITAL_I_INC,2014-08-05,AMC NETWORKS INC
1064,ADVANCE_CAPITAL_I_INC,2014-08-05,HESS CORP
1065,ADVANCE_CAPITAL_I_INC,2014-08-05,REALTY INCOME CORP
1066,ADVANCE_CAPITAL_I_INC,2014-08-05,DEVON ENERGY CORP NEW
1067,ADVANCE_CAPITAL_I_INC,2014-08-05,TRIUMPH GROUP INC NEW
1068,ADVANCE_CAPITAL_I_INC,2014-08-05,M D C HLDGS INC
1069,ADVANCE_CAPITAL_I_INC,2014-08-05,SIGNET JEWELERS LIMITED
1070,ADVANCE_CAPITAL_I_INC,2014-11-07,ISHARESMIDCAP 400
1071,ADVANCE_CAPITAL_I_INC,2014-11-07,HERBALIFE LTD
1072,ADVANCE_CAPITAL_I_INC,2014-11-07,MARATHON OIL CORP
1073,ADVANCE_CAPITAL_I_INC,2015-02-05,MACY'S INC
1074,ADVANCE_CAPITAL_I_INC,2015-02-05,KROGER CO
1075,ADVANCE_CAPITAL_I_INC,2015-02-05,VOYA FINANCIAL
1076,ADVANCE_CAPITAL_I_INC,2015-02-05,VARIAN MEDICAL SYSTE
1077,ADVANCE_CAPITAL_I_INC,2015-02-05,ACTIVISION INC.
1078,ADVANCE_CAPITAL_I_INC,2015-02-05,GENUINE PARTS CO.
1079,ADVANCE_CAPITAL_I_INC,2015-02-05,LIFE TIME FITNESS
1080,ADVANCE_CAPITAL_I_INC,2015-02-05,TERADATA CORPORATION
1081,ADVANCE_CAPITAL_I_INC,2015-02-05,CHINA MOBILE
1082,ADVANCE_CAPITAL_I_INC,2015-02-05,KOHLS CORPORATION
1083,ADVANCE_CAPITAL_I_INC,2015-02-05,LOWE'S COS INC
1084,ADVANCE_CAPITAL_I_INC,2015-02-05,FOREST CITY ENTERPRI
1085,ADVANCE_CAPITAL_I_INC,2015-02-05,DOLLAR TREE INC
1086,ADVANCE_CAPITAL_I_INC,2015-02-05,LIONS GATE ENT.
1087,ADVANCE_CAPITAL_I_INC,2015-02-05,HEWLETT PACKARD
1088,ADVANCE_CAPITAL_I_INC,2015-02-05,FOOT LOCKER INCCOM
1089,ADVANCE_CAPITAL_I_INC,2015-02-05,NETAPP INC
1090,ADVANCE_CAPITAL_I_INC,2015-02-05,ACE Limited
1091,ADVANCE_CAPITAL_I_INC,2015-02-05,WAL-MART
1092,ADVANCE_CAPITAL_I_INC,2015-02-05,BALLY TECHNOLOGIES
1093,ADVANCE_CAPITAL_I_INC,2015-02-05,ALLSTATE CORP
1094,ADVANCE_CAPITAL_I_INC,2015-02-05,DEVRY INC.
1095,ADVANCE_CAPITAL_I_INC,2015-02-05,SCOTTS MIRACLE-GRO C
1096,ADVANCE_CAPITAL_I_INC,2015-02-05,ROSETTA RESOURCES
1097,ADVANCE_CAPITAL_I_INC,2015-02-05,BED BATH & BEYOND INC.*
1098,ADVANCE_CAPITAL_I_INC,2015-02-05,ARMSTRONG WORLD IND.
1099,ADVANCE_CAPITAL_I_INC,2015-02-05,WYNDHAM WORLDWIDE
1100,ADVANCE_CAPITAL_I_INC,2015-02-05,TRINITY INDS INC
1101,ADVANCE_CAPITAL_I_INC,2015-02-05,CONAGRA INC
1102,ADVANCE_CAPITAL_I_INC,2015-02-05,HUNTINGTON INGALLS INDUSTRY
1103,ADVANCE_CAPITAL_I_INC,2015-02-05,XEROX CORP
1104,ADVANCE_CAPITAL_I_INC,2015-02-05,NASDAQ OMX GROUP
1105,ADVANCE_CAPITAL_I_INC,2015-02-05,NORWEGIAN CRUISE
1106,ADVANCE_CAPITAL_I_INC,2015-02-05,ZIMMER HOLDINGS INC
1107,ADVANCE_CAPITAL_I_INC,2015-02-05,FRESH MARKET INC
1108,ADVANCE_CAPITAL_I_INC,2015-02-05,KIRBY CORPCOM
1109,ADVANCE_CAPITAL_I_INC,2015-02-05,GENPACT LTD
1110,ADVANCE_CAPITAL_I_INC,2015-02-05,GENERAL DYNAMICS CORPORATION
1111,ADVANCE_CAPITAL_I_INC,2015-02-05,QEP RESOURCES INC
1112,ADVANCE_CAPITAL_I_INC,2015-02-05,THE GAP INC
1113,ADVANCE_CAPITAL_I_INC,2015-02-05,NEWELL RUBBERMAID
1114,ADVANCE_CAPITAL_I_INC,2015-02-05,MASCO CORP
1115,ADVANCE_CAPITAL_I_INC,2015-02-05,CHINA PETROLEUM
1116,ADVANCE_CAPITAL_I_INC,2015-02-05,JOHNSON CONTROLS INC
1117,ADVANCE_CAPITAL_I_INC,2015-02-05,TYSON FOODS INC
1118,ADVANCE_CAPITAL_I_INC,2015-02-05,RAYTHEON CO
1119,ADVANCE_CAPITAL_I_INC,2015-02-05,BEST BUY CO INC
1120,ADVANCE_CAPITAL_I_INC,2015-02-05,HSN INC.
1121,ADVANCE_CAPITAL_I_INC,2015-02-05,HARTFORD FINANCIAL SERVICES GROUP INC.
1122,ADVANCE_CAPITAL_I_INC,2015-02-05,FEDEX CORPORATION
1123,ADVANCE_CAPITAL_I_INC,2015-02-05,GAMESTOP CORP-CL A
1124,ADVANCE_CAPITAL_I_INC,2015-02-05,CHEESECAKE FACTORY
1125,ADVANCE_CAPITAL_I_INC,2015-02-05,BRINKER INTERNATIONA
1126,ADVANCE_CAPITAL_I_INC,2015-02-05,TJX COMPANIES INC.
1127,ADVANCE_CAPITAL_I_INC,2015-02-05,EMC CORPORATION - MA
1128,ADVANCE_CAPITAL_I_INC,2015-02-05,VERIZON COMM
1129,ADVANCE_CAPITAL_I_INC,2015-02-05,REED ELSEVIER
1130,ADVANCE_CAPITAL_I_INC,2015-02-05,RAYMOND JAMES FINANCIAL INC.
1131,ADVANCE_CAPITAL_I_INC,2015-02-05,GENTEX CORP.
1132,ADVANCE_CAPITAL_I_INC,2015-02-05,ROSS STORES
1133,ADVANCE_CAPITAL_I_INC,2015-02-05,AVERY DENNISON CORPORATION
1134,ADVANCE_CAPITAL_I_INC,2015-02-05,PLANTRONICS INC
1135,ADVANCE_CAPITAL_I_INC,2015-02-05,INTERACTIVE BROKERS GROUP
1136,ADVANCE_CAPITAL_I_INC,2015-02-05,VALIDUS HOLDINGS
1137,ADVANCE_CAPITAL_I_INC,2015-02-05,OASIS PETROLEUM
1138,ADVANCE_CAPITAL_I_INC,2015-02-05,MCKESSON CORP.
1139,ADVANCE_CAPITAL_I_INC,2015-02-05,UNITED THERAPEUTICS
1140,ADVANCE_CAPITAL_I_INC,2015-02-05,SUNCOR ENERGY
1141,ADVANCE_CAPITAL_I_INC,2015-02-05,CARPENTER TECHNOLOGY
1142,ADVANCE_CAPITAL_I_INC,2015-05-07,EXPRESS SCRIPTS CLASS A
1143,ADVANCE_CAPITAL_I_INC,2015-05-07,ASHLAND INC.
1144,ADVANCE_CAPITAL_I_INC,2015-05-07,VISHAY INTERTECHNOLO
1145,ADVANCE_CAPITAL_I_INC,2015-05-07,PACKAGING CORP OF AM
1146,ADVANCE_CAPITAL_I_INC,2015-05-07,VALERO ENERGY CORP
1147,ADVANCE_CAPITAL_I_INC,2015-05-07,DOLLAR GENERAL CORPORATION
1148,ADVANCE_CAPITAL_I_INC,2015-05-07,OWENS-ILLINOIS
1149,ADVANCE_CAPITAL_I_INC,2015-05-07,TE CONNECTIVITY LTD
1150,ADVANCE_CAPITAL_I_INC,2015-05-07,RIO TINTO PLC
1151,ADVANCE_CAPITAL_I_INC,2015-05-07,PATTERSON-UTI ENERGY
1152,ADVANCE_CAPITAL_I_INC,2015-05-07,PENSKE AUTOMOTIVE
1153,ADVANCE_CAPITAL_I_INC,2015-05-07,WALGREEN CO
1154,ADVANCE_CAPITAL_I_INC,2015-05-07,BRANDYWINE REALTY
1155,ADVANCE_CAPITAL_I_INC,2015-05-07,CONOCOPHILLIPS
1156,ADVANCE_CAPITAL_I_INC,2015-05-07,MAGNA INTERNATIONAL
1157,ADVANCE_CAPITAL_I_INC,2015-05-07,ORACLE
1158,ADVANCE_CAPITAL_I_INC,2015-05-07,BOEING COMPANY
1159,ADVANCE_CAPITAL_I_INC,2015-05-07,LOEWS CORP
1160,ADVANCE_CAPITAL_I_INC,2015-05-07,HELMERICH & PAYNE
1161,ADVANCE_CAPITAL_I_INC,2015-05-07,CALPINE CORP.
1162,ADVANCE_CAPITAL_I_INC,2015-05-07,CIGNA CORP
1163,ADVANCE_CAPITAL_I_INC,2015-05-07,PHILLIPS 66
1164,ADVANCE_CAPITAL_I_INC,2015-05-07,ALLIANT TECHSYSTEMS
1165,ADVANCE_CAPITAL_I_INC,2015-05-07,WHOLE FOODS
1166,ADVANCE_CAPITAL_I_INC,2015-05-07,ROCK-TENN CO
1167,ADVANCE_CAPITAL_I_INC,2015-05-07,NEXTERA ENERGY INC
1168,ADVANCE_CAPITAL_I_INC,2015-05-07,JUNIPER NETWORKS INC
1169,ADVANCE_CAPITAL_I_INC,2015-05-07,APOLLO EDUCATION GROUP CLASS A
1170,ADVANCE_CAPITAL_I_INC,2015-05-07,SEAGATE TECHNOLOGY
1171,ADVANCE_CAPITAL_I_INC,2015-05-07,BIG LOTS INC
1172,ADVANCE_CAPITAL_I_INC,2015-05-07,AARONS INC
1173,ADVANCE_CAPITAL_I_INC,2015-05-07,TUPPERWARE BRANDS
1174,ADVANCE_CAPITAL_I_INC,2015-05-07,HANOVER INSURANCE
1175,ADVANCE_CAPITAL_I_INC,2015-05-07,INGERSOLL-RAND PLC
1176,ADVANCE_CAPITAL_I_INC,2015-05-07,T ROWE PRICE GROUP
1177,ADVANCE_CAPITAL_I_INC,2015-05-07,MURPHY OIL CORP
1178,ADVANCE_CAPITAL_I_INC,2015-05-07,CBRE GROUP INC. - A
1179,ADVANCE_CAPITAL_I_INC,2015-05-07,FLUOR CORP
1180,ADVANCE_CAPITAL_I_INC,2015-05-07,WESTERN DIGITAL CORP
1181,ADVANCE_CAPITAL_I_INC,2015-05-07,MANULIFE FINANCIAL
1182,ADVANCE_CAPITAL_I_INC,2015-05-07,ON Semiconductor Cor
1183,ADVANCE_CAPITAL_I_INC,2015-05-07,DEVON ENERGY CORPORATION
1184,ADVANCE_CAPITAL_I_INC,2015-05-07,WORTHINGTON INDUSTRI
1185,ADVANCE_CAPITAL_I_INC,2015-05-07,HESS CORPORATION
1186,ADVANCE_CAPITAL_I_INC,2015-05-07,AVIS BUDGET GROUP
1187,ADVANCE_CAPITAL_I_INC,2015-05-07,TIMKEN CO
1188,ADVANCE_CAPITAL_I_INC,2015-05-07,POPULAR INC
1189,ADVANCE_CAPITAL_I_INC,2015-05-07,REGAL BELOIT CORP
1190,ADVANCE_CAPITAL_I_INC,2015-05-07,JARDEN CORP
1191,ADVANCE_CAPITAL_I_INC,2015-05-07,BP AMOCO PLC - SPONSORED ADR
1192,ADVANCE_CAPITAL_I_INC,2015-05-07,MEDNAX INC
1193,ADVANCE_CAPITAL_I_INC,2015-05-07,OCCIDENTAL PETROLEUM
1194,ADVANCE_CAPITAL_I_INC,2015-05-07,MANITOWOC COOMPANY
1195,ADVANCE_CAPITAL_I_INC,2015-05-07,SLM CORP.
1196,ADVANCE_CAPITAL_I_INC,2015-05-07,CLEAN HARBORS INC
1197,ADVANCE_CAPITAL_I_INC,2015-05-07,CINEMARK HOLDINGS IN
1198,ADVANCE_CAPITAL_I_INC,2015-05-07,URBAN OUTFITTERS
1199,ADVANCE_CAPITAL_I_INC,2015-05-07,PACCAR INC
1200,ADVANCE_CAPITAL_I_INC,2015-05-07,JONES LANG LASALLE INC.
1201,ADVANCE_CAPITAL_I_INC,2015-05-07,NATIONAL OILWELLVARCO INC
1202,ADVANCE_CAPITAL_I_INC,2015-05-07,WHITING PETROLEUM
1203,ADVANCE_CAPITAL_I_INC,2015-05-07,DICK'S SPORTING GOOD
1204,ADVANCE_CAPITAL_I_INC,2015-05-07,ARROW ELECTRONIC
1205,ADVANCE_CAPITAL_I_INC,2015-05-07,CARLISLE COS. INC.
1206,ADVANCE_CAPITAL_I_INC,2015-05-07,RACKSPACE HOSTING
1207,ADVANCE_CAPITAL_I_INC,2015-05-07,OCWEN FINANCIAL CORP
1208,ADVANCE_CAPITAL_I_INC,2015-08-03,LEAR CORP
1209,ADVANCE_CAPITAL_I_INC,2015-08-03,AECOM TECHNOLOGY
1210,ADVANCE_CAPITAL_I_INC,2015-08-03,CHINA MOBILE
1211,ADVANCE_CAPITAL_I_INC,2015-08-03,HONDA MOTOR CO.
1212,ADVANCE_CAPITAL_I_INC,2015-08-03,VALMONT INDUSTRIES
1213,ADVANCE_CAPITAL_I_INC,2015-08-03,DOW CHEMICAL COMPANY
1214,ADVANCE_CAPITAL_I_INC,2015-08-03,OCEANEERING INTERNAT
1215,ADVANCE_CAPITAL_I_INC,2015-08-03,COMPASS MINERALS INT
1216,ADVANCE_CAPITAL_I_INC,2015-08-03,JACOBS ENGINEERING
1217,ADVANCE_CAPITAL_I_INC,2015-08-03,REGIONS FINANCIAL CORP
1218,ADVANCE_CAPITAL_I_INC,2015-08-03,ARTISAN PARTNERS
1219,ADVANCE_CAPITAL_I_INC,2015-08-03,LINCOLN NATIONAL CORP.
1220,ADVANCE_CAPITAL_I_INC,2015-08-03,TOTAL SA
1221,ADVANCE_CAPITAL_I_INC,2015-08-03,TECK RESOURCES
1222,ADVANCE_CAPITAL_I_INC,2015-08-03,STARWOOD PROPERTY
1223,ADVANCE_CAPITAL_I_INC,2015-08-03,AOL INC
1224,ADVANCE_CAPITAL_I_INC,2015-08-03,CATERPILLER INC.
1225,ADVANCE_CAPITAL_I_INC,2015-08-03,RYDER SYSTEM INC
1226,ADVANCE_CAPITAL_I_INC,2015-08-03,UNIT CORP
1227,ADVANCE_CAPITAL_I_INC,2015-08-03,RR DONNELLEY & SONS
1228,ADVANCE_CAPITAL_I_INC,2015-08-03,HUNTSMAN CORP
1229,ADVANCE_CAPITAL_I_INC,2015-08-03,DELPHI AUTOMOTIVE
1230,ADVANCE_CAPITAL_I_INC,2015-08-03,HARMAN INTERNATIONAL
1231,ADVANCE_CAPITAL_I_INC,2015-08-03,ARCHER-DANIELS
1232,ADVANCE_CAPITAL_I_INC,2015-08-03,WADDEL & REED FINANCIAL CLASS A
1233,ADVANCE_CAPITAL_I_INC,2015-08-03,Freeport-McMoRan
1234,ADVANCE_CAPITAL_I_INC,2015-08-03,BROWN & BROWN INC
1235,ADVANCE_CAPITAL_I_INC,2015-08-03,ISHARESMIDCAP 400
1236,ADVANCE_CAPITAL_I_INC,2015-08-03,BHP BILLITON LTD
1237,ADVANCE_CAPITAL_I_INC,2015-08-03,COLUMBIA PROPERTY
1238,ADVANCE_CAPITAL_I_INC,2015-08-03,OMEGA HEALTHCARE
1239,ADVANCE_CAPITAL_I_INC,2015-08-03,CNOOC LTD
1240,ADVANCE_CAPITAL_I_INC,2015-08-03,EOG RESOURCES INC
1241,ADVANCE_CAPITAL_I_INC,2015-08-03,COMMERICAL METALS CO
1242,ADVANCE_CAPITAL_I_INC,2015-08-03,BANK OF IRELAND
1243,ADVANCE_CAPITAL_I_INC,2015-08-03,FORD MOTOR
1244,ADVANCE_CAPITAL_I_INC,2015-08-03,CONTINENTAL RESOURCE
1245,ADVANCE_CAPITAL_I_INC,2015-08-03,TERADYNE INC.
1246,ADVANCE_CAPITAL_I_INC,2015-08-03,CARDINAL HEALTH INC.
1247,ADVANCE_CAPITAL_I_INC,2015-08-03,DOMTAR CORP.
1248,ADVANCE_CAPITAL_I_INC,2015-08-03,TIDEWATER INC
1249,ADVANCE_CAPITAL_I_INC,2015-08-03,FRANKS INTERNATIONAL
1250,ADVANCE_CAPITAL_I_INC,2015-08-03,SANTANDER CONSUMER
1251,ADVANCE_CAPITAL_I_INC,2015-08-03,OUTFRONT MEDIA INC.
1252,ADVANCE_CAPITAL_I_INC,2015-08-03,RAYMOND JAMES FINANCIAL INC.
1253,ADVANCE_CAPITAL_I_INC,2015-08-03,RPC INC
1254,ADVANCE_CAPITAL_I_INC,2015-08-03,BAKER HUGHES INC.
1255,ADVANCE_CAPITAL_I_INC,2015-08-03,EDWARDS LIFESCIENCES CORP
1256,ADVANCE_CAPITAL_I_INC,2015-08-03,CHEVRON TEXACO CORP.
1257,ADVANCE_CAPITAL_I_INC,2015-08-03,INTERPUBLIC GROUP COMPANIES
1258,ADVANCE_CAPITAL_I_INC,2015-08-03,INTERNATIONAL PAPER COMPANY
1259,ADVANCE_CAPITAL_I_INC,2015-08-03,CIMAREX ENERGY CO
1260,ADVANCE_CAPITAL_I_INC,2015-08-03,LIFE TIME FITNESS
1261,ADVANCE_CAPITAL_I_INC,2015-08-03,CONCHO RESOURCES INC
1262,ADVANCE_CAPITAL_I_INC,2015-08-03,TIME WARNER CABLE
1263,ADVANCE_CAPITAL_I_INC,2015-08-03,AFLAC INC.
1264,ADVANCE_CAPITAL_I_INC,2015-08-03,OLD REPUBLIC INTL
1265,ADVANCE_CAPITAL_I_INC,2015-08-03,KEYCORP
1266,ADVANCE_CAPITAL_I_INC,2015-08-03,EASTMAN CHEMICAL
1267,ADVANCE_CAPITAL_I_INC,2015-08-03,TRIUMPH GROUP INCCOM
1268,ADVANCE_CAPITAL_I_INC,2015-08-03,ADT CORP/THE
1269,ADVANCE_CAPITAL_I_INC,2015-08-03,ASCENA RETAIL GROUP
1270,ADVANCE_CAPITAL_I_INC,2015-08-03,HELIX ENERGY SOLUTIONS GROUP
1271,ADVANCE_CAPITAL_I_INC,2015-08-03,PROSPERITY BANCSHARE
1272,ADVANCE_CAPITAL_I_INC,2015-08-03,KEMPER CORP
1273,ADVANCE_CAPITAL_I_INC,2015-08-03,MINERALS TECHNOLOGIE
1274,ADVANCE_CAPITAL_I_INC,2015-08-03,LYONDELLBASELL INC.
1275,ADVANCE_CAPITAL_I_INC,2015-08-03,TWO HARBORS INVESTME
1276,ADVANCE_CAPITAL_I_INC,2015-08-03,OWENS CORNING
1277,ADVANCE_CAPITAL_I_INC,2015-08-03,FOSSIL GROUP
1278,ADVANCE_CAPITAL_I_INC,2015-08-03,PETROCHINA CO.
1279,ADVANCE_CAPITAL_I_INC,2015-08-03,INVESCO LTD
1280,ADVANCE_CAPITAL_I_INC,2015-08-03,NEUSTAR INC
1281,ADVANCE_CAPITAL_I_INC,2015-08-03,SIX FLAGS ENTERTAIN
1282,ADVANCE_CAPITAL_I_INC,2015-08-03,E TRADE FINANCIAL CO
1283,ADVANCE_CAPITAL_I_INC,2015-08-03,STEEL DYNAMICS
1284,ADVANCE_CAPITAL_I_INC,2015-08-03,MARATHON OIL CORP.
1285,ADVANCE_CAPITAL_I_INC,2015-08-03,AETNA INC.
1286,ADVANCE_CAPITAL_I_INC,2015-08-03,ANN INC.
1287,ADVANCE_CAPITAL_I_INC,2015-08-03,NOBLE ENERGY INC
1288,ADVANCE_CAPITAL_I_INC,2015-08-03,REALOGY HOLDINGS
1289,ADVANCE_CAPITAL_I_INC,2015-08-03,CATAMARAN CORP
1290,ADVANCE_CAPITAL_I_INC,2015-08-03,SEAWORLD ENTERTAIN
1291,ADVANCE_CAPITAL_I_INC,2015-08-03,WESTLAKE CHEMICAL
1292,ADVANCE_CAPITAL_I_INC,2015-08-03,FOOT LOCKER INCCOM
1293,ADVANCE_CAPITAL_I_INC,2015-08-03,ALBEMARLE CORP
1294,ADVANCE_CAPITAL_I_INC,2015-08-03,AMDOCS LTD
1295,ADVANCE_CAPITAL_I_INC,2015-08-03,WYNN RESORTS LTD
1296,ADVANCE_CAPITAL_I_INC,2015-08-03,AMERCO
1297,ADVANCE_CAPITAL_I_INC,2015-08-03,LEUCADIA NATIONAL
1298,ADVANCE_CAPITAL_I_INC,2015-08-03,VANTIV INC
1299,ADVANCE_CAPITAL_I_INC,2015-08-03,ALLIED WORLD
1300,ADVANCE_CAPITAL_I_INC,2015-08-03,CANADIAN NATURAL RES
1301,ADVANCE_CAPITAL_I_INC,2015-08-03,GANNETT COMPANY INC.
1302,ADVANCE_CAPITAL_I_INC,2015-08-03,TEMPUR-PEDIC INTER
1303,ADVANCE_CAPITAL_I_INC,2015-08-03,POLYONE CORPORATION
1304,ADVANCE_CAPITAL_I_INC,2015-08-03,BOK FINANCIAL CORP
1305,ADVANCE_CAPITAL_I_INC,2015-08-03,KENNAMETAL INC
1306,ADVANCE_CAPITAL_I_INC,2015-08-03,SUNCOR ENERGY
1307,ADVANCE_CAPITAL_I_INC,2015-10-27,NATIONAL FUEL GAS
1308,ADVANCE_CAPITAL_I_INC,2015-10-27,GENERAL MILLS INC.
1309,ADVANCE_CAPITAL_I_INC,2015-10-27,ITT INDUSTRIES INC.
1310,ADVANCE_CAPITAL_I_INC,2015-10-27,SCIENCE APPLICATIONS
1311,ADVANCE_CAPITAL_I_INC,2015-10-27,COMMSCOPE HOLDING CO
1312,ADVANCE_CAPITAL_I_INC,2015-10-27,JOY GLOBAL INC
1313,ADVANCE_CAPITAL_I_INC,2015-10-27,FIRST SOLAR INC
1314,ADVANCE_CAPITAL_I_INC,2015-10-27,SEAGATE TECHNOLOGY
1315,ADVANCE_CAPITAL_I_INC,2015-10-27,LIFEPOINT HOSPITALS
1316,ADVANCE_CAPITAL_I_INC,2015-10-27,DIEBOLD INC.
1317,ADVANCE_CAPITAL_I_INC,2015-10-27,DECKERS OUTDOOR
1318,ADVANCE_CAPITAL_I_INC,2015-10-27,MBIA INC.
1319,ADVANCE_CAPITAL_I_INC,2015-10-27,PVH CORP
1320,ADVANCE_CAPITAL_I_INC,2015-10-27,GENERAL DYNAMICS CORPORATION
1321,ADVANCE_CAPITAL_I_INC,2015-10-27,WORTHINGTON INDUSTRI
1322,ADVANCE_CAPITAL_I_INC,2015-10-27,AVIS BUDGET GROUP
1323,ADVANCE_CAPITAL_I_INC,2015-10-27,JARDEN CORP
1324,ADVANCE_CAPITAL_I_INC,2015-10-27,ARRIS GROUP INC.
1325,ADVANCE_CAPITAL_I_INC,2015-10-27,FEDEX CORPORATION
1326,ADVANCE_CAPITAL_I_INC,2015-10-27,GARMIN LTD.
1327,ADVANCE_CAPITAL_I_INC,2015-10-27,PLANTRONICS INC
1328,ADVANCE_CAPITAL_I_INC,2015-10-27,INTL SPEEDWAY CORP
1329,ADVANCE_CAPITAL_I_INC,2015-10-27,LIBERTY MEDIA INTERACTIVE CLASS A
1330,ADVANCE_CAPITAL_I_INC,2015-10-27,CENTERPOINT ENERGY
1331,ADVANCE_CAPITAL_I_INC,2015-10-27,PARKER-HANNIFIN CORPORATION
1332,ADVANCE_CAPITAL_I_INC,2015-10-27,DOLLAR GENERAL CORPORATION
1333,ADVANCE_CAPITAL_I_INC,2015-10-27,MOSAIC CO.
1334,ADVANCE_CAPITAL_I_INC,2015-10-27,FMC TECHNOLOGIES
1335,ADVANCE_CAPITAL_I_INC,2015-10-27,CHIMERA INVESTMENT
1336,ADVANCE_CAPITAL_I_INC,2015-10-27,AFFILIATED MANAGERS GROUP
1337,ADVANCE_CAPITAL_I_INC,2015-10-27,MARVELL TECHNOLOGY
1338,ADVANCE_CAPITAL_I_INC,2015-10-27,CNO FINANCIAL GROUP
1339,ADVANCE_CAPITAL_I_INC,2015-10-27,HARLEY-DAVIDSON INC.
1340,ADVANCE_CAPITAL_I_INC,2015-10-27,ALTRIA GROUP INC. IES INC.
1341,ADVANCE_CAPITAL_I_INC,2015-10-27,XEROX CORP
1342,ADVANCE_CAPITAL_I_INC,2015-10-27,CAMERON INTL CORP
1343,ADVANCE_CAPITAL_I_INC,2015-10-27,HARTFORD FINANCIAL SERVICES GROUP INC.
1344,ADVANCE_CAPITAL_I_INC,2015-10-27,EMC CORPORATION - MA
1345,ADVANCE_CAPITAL_I_INC,2015-10-27,CIT GROUP INC.
1346,ADVANCE_CAPITAL_I_INC,2015-10-27,ARROW ELECTRONIC
1347,ADVANCE_CAPITAL_I_INC,2015-10-27,VOYA FINANCIAL
1348,ADVANCE_CAPITAL_I_INC,2015-10-27,CHESAPEAKE ENERGY
1349,ADVANCE_CAPITAL_I_INC,2015-10-27,CSX Corp
1350,ADVANCE_CAPITAL_I_INC,2015-10-27,SYNCHRONY FINANCIAL
1351,ADVANCE_CAPITAL_I_INC,2015-10-27,TIFFANY & COMPANY
1352,ADVANCE_CAPITAL_I_INC,2015-10-27,FTI CONSULTING INC.
1353,ADVANCE_CAPITAL_I_INC,2015-10-27,NEXTERA ENERGY INC
1354,ADVANCE_CAPITAL_I_INC,2015-10-27,ARMSTRONG WORLD IND.
1355,ADVANCE_CAPITAL_I_INC,2015-10-27,AMERIPRISE FINANCIAL
1356,ADVANCE_CAPITAL_I_INC,2015-10-27,Lazard Ltd.
1357,ADVANCE_CAPITAL_I_INC,2015-10-27,AMERICAN EXPRESS COMPANY
1358,ADVANCE_CAPITAL_I_INC,2015-10-27,REGIONS FINANCIALCORP
1359,ADVANCE_CAPITAL_I_INC,2015-10-27,NORFOLK SOUTHERN COR
1360,ADVANCE_CAPITAL_I_INC,2015-10-27,Harris Corporation
1361,ADVANCE_CAPITAL_I_INC,2015-10-27,PIEDMONT OFFICE
1362,ADVANCE_CAPITAL_I_INC,2015-10-27,COMCAST CORP
1363,ADVANCE_CAPITAL_I_INC,2015-10-27,SPECTRUM BRANDS
1364,ADVANCE_CAPITAL_I_INC,2015-10-27,BEST BUY CO INC
1365,ADVANCE_CAPITAL_I_INC,2015-10-27,Southwestern Energy
1366,ADVANCE_CAPITAL_I_INC,2015-10-27,UNUM PROVIDENT CORP
1367,ADVANCE_CAPITAL_I_INC,2015-10-27,MARATHON PETROLEUM
1368,ADVANCE_CAPITAL_I_INC,2015-10-27,KOSMOS ENERGY LTD
1369,ADVANCE_CAPITAL_I_INC,2015-10-27,FIFTH THIRD BANCORP
1370,ADVANCE_CAPITAL_I_INC,2015-10-27,CARPENTER TECHNOLOGY
1371,ADVANCE_CAPITAL_I_INC,2015-10-27,NUCOR CORPORATION
1372,ADVANCE_CAPITAL_I_INC,2015-10-27,FMC CORP
1373,ADVANCE_CAPITAL_I_INC,2015-10-27,MDU RES GROUP INC
1374,ADVANCE_CAPITAL_I_INC,2015-10-27,CABOT CORP.
1375,ADVANCE_CAPITAL_I_INC,2015-10-27,EXPRESS SCRIPTS CLASS A
1376,ADVANCE_CAPITAL_I_INC,2015-10-27,FOREST CITY ENTERPRI
1377,ADVANCE_CAPITAL_I_INC,2015-10-27,NETAPP INC
1378,ADVANCE_CAPITAL_I_INC,2015-10-27,SM ENERGY CO
1379,ADVANCE_CAPITAL_I_INC,2015-10-27,SANDISK
1380,ADVANCE_CAPITAL_I_INC,2015-10-27,ROCK-TENN CO
1381,ADVANCE_CAPITAL_I_INC,2015-10-27,PPL CORPORATION
1382,ADVANCE_CAPITAL_I_INC,2015-10-27,FLUOR CORP
1383,ADVANCE_CAPITAL_I_INC,2015-10-27,HELIX ENERGYSOLUTIONS GROUP
1384,ADVANCE_CAPITAL_I_INC,2015-10-27,KIRBY CORPCOM
1385,ADVANCE_CAPITAL_I_INC,2015-10-27,TEREX CORP
1386,ADVANCE_CAPITAL_I_INC,2015-10-27,ST JUDE MEDICAL INC.
1387,ADVANCE_CAPITAL_I_INC,2015-10-27,ZULILY INC
1388,ADVANCE_CAPITAL_I_INC,2015-10-27,INTERNATIONAL GAME T
1389,ADVANCE_CAPITAL_I_INC,2015-10-27,FAMILY DOLLAR STORES
1390,ADVANCE_CAPITAL_I_INC,2015-10-27,MICROSOFT
1391,ADVANCE_CAPITAL_I_INC,2016-02-08,SIGMA-ALDRICH CORP
1392,ADVANCE_CAPITAL_I_INC,2016-02-08,NVIDIA CORP.
1393,ADVANCE_CAPITAL_I_INC,2016-02-08,LEAR CORP
1394,ADVANCE_CAPITAL_I_INC,2016-02-08,LOWE'S COS INC
1395,ADVANCE_CAPITAL_I_INC,2016-02-08,HEWLETT PACKARD
1396,ADVANCE_CAPITAL_I_INC,2016-02-08,ORACLE
1397,ADVANCE_CAPITAL_I_INC,2016-02-08,TAUBMAN CENTERS INC
1398,ADVANCE_CAPITAL_I_INC,2016-02-08,DELUXE CORP
1399,ADVANCE_CAPITAL_I_INC,2016-02-08,JABIL CIRCUIT INC.
1400,ADVANCE_CAPITAL_I_INC,2016-02-08,OCEANEERING INTERNAT
1401,ADVANCE_CAPITAL_I_INC,2016-02-08,COMCAST
1402,ADVANCE_CAPITAL_I_INC,2016-02-08,JACOBS ENGINEERING
1403,ADVANCE_CAPITAL_I_INC,2016-02-08,EDISON INTERNATIONAL
1404,ADVANCE_CAPITAL_I_INC,2016-02-08,JETBLUE AIRWAYS CORP
1405,ADVANCE_CAPITAL_I_INC,2016-02-08,ALLIANT ENERGY CORP
1406,ADVANCE_CAPITAL_I_INC,2016-02-08,STARWOOD PROPERTY
1407,ADVANCE_CAPITAL_I_INC,2016-02-08,AGL RESOURCES INC.
1408,ADVANCE_CAPITAL_I_INC,2016-02-08,RENT-A-CENTER INC
1409,ADVANCE_CAPITAL_I_INC,2016-02-08,RYDER SYSTEM INC
1410,ADVANCE_CAPITAL_I_INC,2016-02-08,OLD DOMINION FREIGHT
1411,ADVANCE_CAPITAL_I_INC,2016-02-08,SPIRIT AIRLINES INC
1412,ADVANCE_CAPITAL_I_INC,2016-02-08,PACKAGING CORP OF AM
1413,ADVANCE_CAPITAL_I_INC,2016-02-08,TERADATA CORPORATION
1414,ADVANCE_CAPITAL_I_INC,2016-02-08,WOODWARD INC.
1415,ADVANCE_CAPITAL_I_INC,2016-02-08,ARCHER-DANIELS
1416,ADVANCE_CAPITAL_I_INC,2016-02-08,BRANDYWINE REALTY
1417,ADVANCE_CAPITAL_I_INC,2016-02-08,WEYERHAEUSER COMPANY
1418,ADVANCE_CAPITAL_I_INC,2016-02-08,WHOLE FOODS
1419,ADVANCE_CAPITAL_I_INC,2016-02-08,COLUMBIA PROPERTY
1420,ADVANCE_CAPITAL_I_INC,2016-02-08,BIG LOTS INC
1421,ADVANCE_CAPITAL_I_INC,2016-02-08,ADVANCE AUTO PARTS
1422,ADVANCE_CAPITAL_I_INC,2016-02-08,BAXALTA INC
1423,ADVANCE_CAPITAL_I_INC,2016-02-08,UNION PACIFIC CORP
1424,ADVANCE_CAPITAL_I_INC,2016-02-08,TERADYNE INC.
1425,ADVANCE_CAPITAL_I_INC,2016-02-08,EXXON MOBIL CORP.
1426,ADVANCE_CAPITAL_I_INC,2016-02-08,FRANKS INTERNATIONAL
1427,ADVANCE_CAPITAL_I_INC,2016-02-08,OUTFRONT MEDIA INC.
1428,ADVANCE_CAPITAL_I_INC,2016-02-08,HOST HOTELS & RESORT
1429,ADVANCE_CAPITAL_I_INC,2016-02-08,BOOZ ALLEN HAMILTON
1430,ADVANCE_CAPITAL_I_INC,2016-02-08,AES CORPORATION
1431,ADVANCE_CAPITAL_I_INC,2016-02-08,SYMANTEC CORPORATION
1432,ADVANCE_CAPITAL_I_INC,2016-02-08,OWENS-ILLINOIS
1433,ADVANCE_CAPITAL_I_INC,2016-02-08,ACE Limited
1434,ADVANCE_CAPITAL_I_INC,2016-02-08,QUESTAR CORP
1435,ADVANCE_CAPITAL_I_INC,2016-02-08,CON-WAY INC.
1436,ADVANCE_CAPITAL_I_INC,2016-02-08,VECTREN CORPORATION
1437,ADVANCE_CAPITAL_I_INC,2016-02-08,IRON MOUNTAIN INC
1438,ADVANCE_CAPITAL_I_INC,2016-02-08,CISCO
1439,ADVANCE_CAPITAL_I_INC,2016-02-08,ARAMARK
1440,ADVANCE_CAPITAL_I_INC,2016-02-08,CINTAS CORPORATION
1441,ADVANCE_CAPITAL_I_INC,2016-02-08,POLYCOM
1442,ADVANCE_CAPITAL_I_INC,2016-02-08,LYONDELLBASELL INC.
1443,ADVANCE_CAPITAL_I_INC,2016-02-08,MILLER HERMAN INC
1444,ADVANCE_CAPITAL_I_INC,2016-02-08,EXELON CORP
1445,ADVANCE_CAPITAL_I_INC,2016-02-08,TYSON FOODS INC
1446,ADVANCE_CAPITAL_I_INC,2016-02-08,BIOMED REALTY TRUST
1447,ADVANCE_CAPITAL_I_INC,2016-02-08,JANUS CAP GROUP INC
1448,ADVANCE_CAPITAL_I_INC,2016-02-08,VISHAY INTERTECHNOLO
1449,ADVANCE_CAPITAL_I_INC,2016-02-08,WESTERN REFINING
1450,ADVANCE_CAPITAL_I_INC,2016-02-08,QUANTA SERVICES INC
1451,ADVANCE_CAPITAL_I_INC,2016-02-08,CRANE COMPANY
1452,ADVANCE_CAPITAL_I_INC,2016-02-08,DOLLAR TREE INC
1453,ADVANCE_CAPITAL_I_INC,2016-02-08,ATMOS ENERGY CORP
1454,ADVANCE_CAPITAL_I_INC,2016-02-08,ALCOA INC.
1455,ADVANCE_CAPITAL_I_INC,2016-02-08,HELMERICH & PAYNE
1456,ADVANCE_CAPITAL_I_INC,2016-02-08,DEVRY INC.
1457,ADVANCE_CAPITAL_I_INC,2016-02-08,WERNER ENTERPRISES
1458,ADVANCE_CAPITAL_I_INC,2016-02-08,BLACK HILLS CORP
1459,ADVANCE_CAPITAL_I_INC,2016-02-08,FNF GROUP
1460,ADVANCE_CAPITAL_I_INC,2016-02-08,Rockwell Collins Inc
1461,ADVANCE_CAPITAL_I_INC,2016-02-08,CDW CORP/DE
1462,ADVANCE_CAPITAL_I_INC,2016-02-08,JOHNSON CONTROLS INC
1463,ADVANCE_CAPITAL_I_INC,2016-02-08,TESORO CORP
1464,ADVANCE_CAPITAL_I_INC,2016-02-08,POLYONE CORPORATION
1465,ADVANCE_CAPITAL_I_INC,2016-02-08,CORNING INC.
1466,ADVANCE_CAPITAL_I_INC,2016-02-08,VANGUARD TOTAL INTL
1467,ADVANCE_CAPITAL_I_INC,2016-02-08,DICK'S SPORTING GOOD
1468,ADVANCE_CAPITAL_I_INC,2016-02-08,LIBERTY PPTY TRSH
1469,ADVANCE_CAPITAL_I_INC,2016-02-08,SPRINGLEAF HOLDINGS
1470,ADVANCE_CAPITAL_I_INC,2016-02-08,ALASKA AIR GROUP
1471,ADVANCE_CAPITAL_I_INC,2016-05-09,CF INDUSTRIES
1472,ADVANCE_CAPITAL_I_INC,2016-05-09,VOYA FINANCIAL
1473,ADVANCE_CAPITAL_I_INC,2016-05-09,EXPRESS SCRIPTS CLASS A
1474,ADVANCE_CAPITAL_I_INC,2016-05-09,GRAPHIC PRACKAGING
1475,ADVANCE_CAPITAL_I_INC,2016-05-09,GILEAD SCIENCES INC.
1476,ADVANCE_CAPITAL_I_INC,2016-05-09,BALL CORP
1477,ADVANCE_CAPITAL_I_INC,2016-05-09,REALOGY HOLDINGS
1478,ADVANCE_CAPITAL_I_INC,2016-05-09,FMC TECHNOLOGIES
1479,ADVANCE_CAPITAL_I_INC,2016-05-09,KOHLS CORPORATION
1480,ADVANCE_CAPITAL_I_INC,2016-05-09,DSW INC-CLASS A
1481,ADVANCE_CAPITAL_I_INC,2016-05-09,Cummins Inc
1482,ADVANCE_CAPITAL_I_INC,2016-05-09,HARMAN INTERNATIONAL
1483,ADVANCE_CAPITAL_I_INC,2016-05-09,VALMONT INDUSTRIES
1484,ADVANCE_CAPITAL_I_INC,2016-05-09,BELDEN CDT INC
1485,ADVANCE_CAPITAL_I_INC,2016-05-09,L-3 COMMUNICATIONS
1486,ADVANCE_CAPITAL_I_INC,2016-05-09,HEWLETT PACKARD ENTE
1487,ADVANCE_CAPITAL_I_INC,2016-05-09,CST BRANDS INC
1488,ADVANCE_CAPITAL_I_INC,2016-05-09,LOEWS CORP
1489,ADVANCE_CAPITAL_I_INC,2016-05-09,UNITED CONTINENTAL HOLDINGS
1490,ADVANCE_CAPITAL_I_INC,2016-05-09,ADT CORP/THE
1491,ADVANCE_CAPITAL_I_INC,2016-05-09,CABELA'S INC
1492,ADVANCE_CAPITAL_I_INC,2016-05-09,PITNEY BOWES INC.
1493,ADVANCE_CAPITAL_I_INC,2016-05-09,LEUCADIA NATIONAL
1494,ADVANCE_CAPITAL_I_INC,2016-05-09,FIRST SOLAR INC
1495,ADVANCE_CAPITAL_I_INC,2016-05-09,EMERSON ELECTRIC COMPANY
1496,ADVANCE_CAPITAL_I_INC,2016-05-09,LIFEPOINT HOSPITALS
1497,ADVANCE_CAPITAL_I_INC,2016-05-09,MICRON TECHNOLOGY
1498,ADVANCE_CAPITAL_I_INC,2016-05-09,PILGRIM'S PRIDE CORP
1499,ADVANCE_CAPITAL_I_INC,2016-05-09,FOREST CITY RLTY TR
1500,ADVANCE_CAPITAL_I_INC,2016-05-09,AMERIPRISE FINANCIAL
1501,ADVANCE_CAPITAL_I_INC,2016-05-09,WYNDHAM WORLDWIDE
1502,ADVANCE_CAPITAL_I_INC,2016-05-09,ECHOSTAR CORP-A
1503,ADVANCE_CAPITAL_I_INC,2016-05-09,GNC HOLDINGS INC
1504,ADVANCE_CAPITAL_I_INC,2016-05-09,HUNTINGTON INGALLS INDUSTRY
1505,ADVANCE_CAPITAL_I_INC,2016-05-09,SPROUTS FARMERS MKT
1506,ADVANCE_CAPITAL_I_INC,2016-05-09,ONEMAIN HOLDINGS
1507,ADVANCE_CAPITAL_I_INC,2016-05-09,WESTERN DIGITAL CORP
1508,ADVANCE_CAPITAL_I_INC,2016-05-09,ARTISAN PARTNERS
1509,ADVANCE_CAPITAL_I_INC,2016-05-09,THOR INDUSTRIES INC
1510,ADVANCE_CAPITAL_I_INC,2016-05-09,THE GAP INC
1511,ADVANCE_CAPITAL_I_INC,2016-05-09,Dentsply Internation
1512,ADVANCE_CAPITAL_I_INC,2016-05-09,OIL STATES INTL
1513,ADVANCE_CAPITAL_I_INC,2016-05-09,ASSURED GUARANTY LTD
1514,ADVANCE_CAPITAL_I_INC,2016-05-09,LINCOLN NATIONAL CORP.
1515,ADVANCE_CAPITAL_I_INC,2016-05-09,TEREX CORP
1516,ADVANCE_CAPITAL_I_INC,2016-05-09,CARDINAL HEALTH INC.
1517,ADVANCE_CAPITAL_I_INC,2016-05-09,MARATHON PETROLEUM
1518,ADVANCE_CAPITAL_I_INC,2016-05-09,CINEMARK HOLDINGS IN
1519,ADVANCE_CAPITAL_I_INC,2016-05-09,URBAN OUTFITTERS
1520,ADVANCE_CAPITAL_I_INC,2016-05-09,PACCAR INC
1521,ADVANCE_CAPITAL_I_INC,2016-05-09,E TRADE FINANCIAL CO
1522,ADVANCE_CAPITAL_I_INC,2016-05-09,JONES LANG LASALLE INC.
1523,ADVANCE_CAPITAL_I_INC,2016-05-09,RAYMOND JAMES FINANCIAL INC.
1524,ADVANCE_CAPITAL_I_INC,2016-05-09,CIT GROUP INC.
1525,ADVANCE_CAPITAL_I_INC,2016-05-09,LEGG MASON INC.
1526,ADVANCE_CAPITAL_I_INC,2016-05-09,ALLY FINANCIAL INC.
1527,ADVANCE_CAPITAL_I_INC,2016-05-09,MCKESSON CORP.
1528,ADVANCE_CAPITAL_I_INC,2016-05-09,STIFEL FINANCIAL COR
1529,ADVANCE_CAPITAL_I_INC,2016-05-09,RACKSPACE HOSTING
1530,ADVANCE_CAPITAL_I_INC,2016-05-09,UNITED RENTALS INC.
1531,ADVANCE_CAPITAL_I_INC,2016-08-09,NUCOR CORPORATION
1532,ADVANCE_CAPITAL_I_INC,2016-08-09,KELLOGG COMPANY
1533,ADVANCE_CAPITAL_I_INC,2016-08-09,Newmont Mining Corp
1534,ADVANCE_CAPITAL_I_INC,2016-08-09,Viacom B Corp
1535,ADVANCE_CAPITAL_I_INC,2016-08-09,INTERNATIONAL PAPER COMPANY
1536,ADVANCE_CAPITAL_I_INC,2016-08-09,EP ENERGY CORP
1537,ADVANCE_CAPITAL_I_INC,2016-08-09,HOLLYFRONTIER CORP
1538,ADVANCE_CAPITAL_I_INC,2016-08-09,GENWORTH FINANCIAL
1539,ADVANCE_CAPITAL_I_INC,2016-08-09,AES CORPORATION
1540,ADVANCE_CAPITAL_I_INC,2016-08-09,GENERAL MOTORS CORPORATION
1541,ADVANCE_CAPITAL_I_INC,2016-08-09,KIMBERLY-CLARK CORPORATION
1542,ADVANCE_CAPITAL_I_INC,2016-08-09,ILLINOIS TOOL WORKS
1543,ADVANCE_CAPITAL_I_INC,2016-08-09,GRACO INC
1544,ADVANCE_CAPITAL_I_INC,2016-08-09,CNA FINANCIAL CORP
1545,ADVANCE_CAPITAL_I_INC,2016-08-09,MCCORMICK & CO INC
1546,ADVANCE_CAPITAL_I_INC,2016-08-09,SHERWIN-WILLIAMS CO.
1547,ADVANCE_CAPITAL_I_INC,2016-08-09,WP GLIMCHER INC.
1548,ADVANCE_CAPITAL_I_INC,2016-08-09,NETAPP INC
1549,ADVANCE_CAPITAL_I_INC,2016-08-09,EXTENDED STAY AMERIC
1550,ADVANCE_CAPITAL_I_INC,2016-08-09,ORACLE
1551,ADVANCE_CAPITAL_I_INC,2016-08-09,HORMEL FOODS CORP
1552,ADVANCE_CAPITAL_I_INC,2016-08-09,EASTMAN CHEMICAL
1553,ADVANCE_CAPITAL_I_INC,2016-08-09,CALPINE CORP.
1554,ADVANCE_CAPITAL_I_INC,2016-08-09,CAMPBELL SOUP COMPANY
1555,ADVANCE_CAPITAL_I_INC,2016-08-09,SCRIPPS NETWORKS
1556,ADVANCE_CAPITAL_I_INC,2016-08-09,IRON MOUNTAIN INC
1557,ADVANCE_CAPITAL_I_INC,2016-08-09,EQT CORPORATION
1558,ADVANCE_CAPITAL_I_INC,2016-08-09,RALPH LAUREN CORP
1559,ADVANCE_CAPITAL_I_INC,2016-08-09,CISCO
1560,ADVANCE_CAPITAL_I_INC,2016-08-09,MICHAEL KORS HOLDING
1561,ADVANCE_CAPITAL_I_INC,2016-08-09,AMERICAN EXPRESS COMPANY
1562,ADVANCE_CAPITAL_I_INC,2016-08-09,PFIZER INC.
1563,ADVANCE_CAPITAL_I_INC,2016-08-09,CBL & ASSOCIATES
1564,ADVANCE_CAPITAL_I_INC,2016-08-09,DISCOVER FINANCIAL SERVICE
1565,ADVANCE_CAPITAL_I_INC,2016-08-09,FORD MOTOR
1566,ADVANCE_CAPITAL_I_INC,2016-08-09,DANA HOLDING CORP
1567,ADVANCE_CAPITAL_I_INC,2016-08-09,HP INC.
1568,ADVANCE_CAPITAL_I_INC,2016-08-09,COLGATE-PALMOLIVE COMPANY
1569,ADVANCE_CAPITAL_I_INC,2016-08-09,WHIRLPOOL CORPORATIO
1570,ADVANCE_CAPITAL_I_INC,2016-08-09,BEST BUY CO INC
1571,ADVANCE_CAPITAL_I_INC,2016-08-09,BAXTER INTERNATIONAL INC.
1572,ADVANCE_CAPITAL_I_INC,2016-08-09,BUNGE LTD
1573,ADVANCE_CAPITAL_I_INC,2016-08-09,LAM RESEARCH CORP.
1574,ADVANCE_CAPITAL_I_INC,2016-08-09,ANTHEM INC
1575,ADVANCE_CAPITAL_I_INC,2016-08-09,SLM CORP.
1576,ADVANCE_CAPITAL_I_INC,2016-08-09,AMERICAN AIRLINES
1577,ADVANCE_CAPITAL_I_INC,2016-08-09,VERIZON COMM
1578,ADVANCE_CAPITAL_I_INC,2016-08-09,SPIRIT AEROSYSTEMS
1579,ADVANCE_CAPITAL_I_INC,2016-08-09,ATWOOD OCEANICS INC
1580,ADVANCE_CAPITAL_I_INC,2016-08-09,SANTANDER CONSUMER
1581,ADVANCE_CAPITAL_I_INC,2016-08-09,GENTEX CORP.
1582,ADVANCE_CAPITAL_I_INC,2016-08-09,DAVITA INC
1583,ADVANCE_CAPITAL_I_INC,2016-08-09,ROCKWELL AUTOMATION
1584,ADVANCE_CAPITAL_I_INC,2016-08-09,DICK'S SPORTING GOOD
1585,ADVANCE_CAPITAL_I_INC,2016-08-09,ARROW ELECTRONIC
1586,ADVANCE_CAPITAL_I_INC,2016-08-09,NORDSTROM INC.
1587,ADVANCE_CAPITAL_I_INC,2016-11-01,RYDER SYSTEM INC
1588,ADVANCE_CAPITAL_I_INC,2016-11-01,INTERPUBLIC GROUP COMPANIES
1589,ADVANCE_CAPITAL_I_INC,2016-11-01,MACY'S INC
1590,ADVANCE_CAPITAL_I_INC,2016-11-01,KROGER CO
1591,ADVANCE_CAPITAL_I_INC,2016-11-01,TEGNA INC.
1592,ADVANCE_CAPITAL_I_INC,2016-11-01,TIME INC
1593,ADVANCE_CAPITAL_I_INC,2016-11-01,UNIVERSAL HEALTH SVS
1594,ADVANCE_CAPITAL_I_INC,2016-11-01,CSX Corp
1595,ADVANCE_CAPITAL_I_INC,2016-11-01,GRAPHIC PRACKAGING
1596,ADVANCE_CAPITAL_I_INC,2016-11-01,EXPRESS SCRIPTS CLASS A
1597,ADVANCE_CAPITAL_I_INC,2016-11-01,CENTENE CORP.
1598,ADVANCE_CAPITAL_I_INC,2016-11-01,MOSAIC CO.
1599,ADVANCE_CAPITAL_I_INC,2016-11-01,RR DONNELLEY & SONS
1600,ADVANCE_CAPITAL_I_INC,2016-11-01,FTI CONSULTING INC.
1601,ADVANCE_CAPITAL_I_INC,2016-11-01,KOHLS CORPORATION
1602,ADVANCE_CAPITAL_I_INC,2016-11-01,QUALCOMM INC
1603,ADVANCE_CAPITAL_I_INC,2016-11-01,DOLLAR TREE INC
1604,ADVANCE_CAPITAL_I_INC,2016-11-01,SCIENCE APPLICATIONS
1605,ADVANCE_CAPITAL_I_INC,2016-11-01,BOEING COMPANY
1606,ADVANCE_CAPITAL_I_INC,2016-11-01,DELUXE CORP
1607,ADVANCE_CAPITAL_I_INC,2016-11-01,SPDR S&P MIDCAP 400
1608,ADVANCE_CAPITAL_I_INC,2016-11-01,JABIL CIRCUIT INC.
1609,ADVANCE_CAPITAL_I_INC,2016-11-01,T-MOBILE US INC
1610,ADVANCE_CAPITAL_I_INC,2016-11-01,BIG LOTS INC
1611,ADVANCE_CAPITAL_I_INC,2016-11-01,AMERICAN EAGLE
1612,ADVANCE_CAPITAL_I_INC,2016-11-01,LIFEPOINT HOSPITALS
1613,ADVANCE_CAPITAL_I_INC,2016-11-01,FOREST CITY RLTY TR
1614,ADVANCE_CAPITAL_I_INC,2016-11-01,VWR CORP
1615,ADVANCE_CAPITAL_I_INC,2016-11-01,ARAMARK
1616,ADVANCE_CAPITAL_I_INC,2016-11-01,ENVISION HEALTHCARE
1617,ADVANCE_CAPITAL_I_INC,2016-11-01,JETBLUE AIRWAYS CORP
1618,ADVANCE_CAPITAL_I_INC,2016-11-01,REGIONS FINANCIAL CORP
1619,ADVANCE_CAPITAL_I_INC,2016-11-01,FNF GROUP
1620,ADVANCE_CAPITAL_I_INC,2016-11-01,SPROUTS FARMERS MKT
1621,ADVANCE_CAPITAL_I_INC,2016-11-01,AMERISOURCE BERGEN
1622,ADVANCE_CAPITAL_I_INC,2016-11-01,UNION PACIFIC CORP
1623,ADVANCE_CAPITAL_I_INC,2016-11-01,POLYCOM
1624,ADVANCE_CAPITAL_I_INC,2016-11-01,NEW YORK TIMES CO
1625,ADVANCE_CAPITAL_I_INC,2016-11-01,LYONDELLBASELL INC.
1626,ADVANCE_CAPITAL_I_INC,2016-11-01,SPDR S&P 500
1627,ADVANCE_CAPITAL_I_INC,2016-11-01,COMCAST CORP
1628,ADVANCE_CAPITAL_I_INC,2016-11-01,MILLER HERMAN INC
1629,ADVANCE_CAPITAL_I_INC,2016-11-01,TWO HARBORS INVESTME
1630,ADVANCE_CAPITAL_I_INC,2016-11-01,CASEY'S GENERAL
1631,ADVANCE_CAPITAL_I_INC,2016-11-01,TYSON FOODS INC
1632,ADVANCE_CAPITAL_I_INC,2016-11-01,VANGUARD FTSE ALL-WO
1633,ADVANCE_CAPITAL_I_INC,2016-11-01,ARRIS GROUP INC.
1634,ADVANCE_CAPITAL_I_INC,2016-11-01,AMSURG CORP
1635,ADVANCE_CAPITAL_I_INC,2016-11-01,TCF FINANCIAL CORP
1636,ADVANCE_CAPITAL_I_INC,2016-11-01,TEXTRON INC.
1637,ADVANCE_CAPITAL_I_INC,2016-11-01,BROCADE COMMUNICATIONS SYSTEMS
1638,ADVANCE_CAPITAL_I_INC,2016-11-01,UNITEDHEALTH GROUP I
1639,ADVANCE_CAPITAL_I_INC,2016-11-01,CINEMARK HOLDINGS IN
1640,ADVANCE_CAPITAL_I_INC,2016-11-01,STARWOOD PROPERTY
1641,ADVANCE_CAPITAL_I_INC,2016-11-01,NEUSTAR INC
1642,ADVANCE_CAPITAL_I_INC,2016-11-01,HNI CORP
1643,ADVANCE_CAPITAL_I_INC,2016-11-01,SunTrust Banks Inc
1644,ADVANCE_CAPITAL_I_INC,2016-11-01,PLANTRONICS INC
1645,ADVANCE_CAPITAL_I_INC,2016-11-01,TWENTY-FIRST CENTURY
1646,ADVANCE_CAPITAL_I_INC,2016-11-01,REPUBLIC SERVICES INC.
1647,ADVANCE_CAPITAL_I_INC,2016-11-01,VANGUARD FTSE DEVELO
1648,ADVANCE_CAPITAL_I_INC,2016-11-01,ECHOSTAR CORP-A
1649,ADVANCE_CAPITAL_I_INC,2016-11-01,LIBERTY MEDIA INTERACTIVE CLASS A
